Code du département,Libellé du département,Inscrits,Abstentions,Votants,Blancs et nuls,Exprimés,Libellé Abrégé Liste,Nom Tête de Liste,Voix,Libellé Abrégé Liste.1,Nom Tête de Liste.1,Voix.1,Libellé Abrégé Liste.2,Nom Tête de Liste.2,Voix.2,Libellé Abrégé Liste.3,Nom Tête de Liste.3,Voix.3,Libellé Abrégé Liste.4,Nom Tête de Liste.4,Voix.4,Libellé Abrégé Liste.5,Nom Tête de Liste.5,Voix.5,Libellé Abrégé Liste.6,Nom Tête de Liste.6,Voix.6,Libellé Abrégé Liste.7,Nom Tête de Liste.7,Voix.7,Libellé Abrégé Liste.8,Nom Tête de Liste.8,Voix.8,Libellé Abrégé Liste.9,Nom Tête de Liste.9,Voix.9,Libellé Abrégé Liste.10,Nom Tête de Liste.10,Voix.10,Libellé Abrégé Liste.11,Nom Tête de Liste.11,Voix.11,Libellé Abrégé Liste.12,Nom Tête de Liste.12,Voix.12,Libellé Abrégé Liste.13,Nom Tête de Liste.13,Voix.13,Libellé Abrégé Liste.14,Nom Tête de Liste.14,Voix.14,Libellé Abrégé Liste.15,Nom Tête de Liste.15,Voix.15,Libellé Abrégé Liste.16,Nom Tête de Liste.16,Voix.16,Libellé Abrégé Liste.17,Nom Tête de Liste.17,Voix.17,Libellé Abrégé Liste.18,Nom Tête de Liste.18,Voix.18,Libellé Abrégé Liste.19,Nom Tête de Liste.19,Voix.19
1,AIN,323135,185697,137438,8123,129315,LUTTE OUVRIERE ET LCR,LAGUILLER,5855,BOUGE L'EUROPE,HUE,6331,CONSTRUISONS NOTRE EUROPE,HOLLANDE,26899,"L'ECOLOGIE, LES VERTS",COHN-BENDIT,12810,ECOLOGIE  CHOIX DE LA VIE,WAECHTER,1959, MI OU MI MWEN,JOS,46,"CHASSE, PÊCHE TRADITIONS",SAINT-JOSSE,9996,COMBAT POUR L'EMPLOI,LARROUTUROU,980,LIGUE NATIONALISTE,GUERRIN,0,LISTE LOI NATURELLE ,FRAPPE,486,MOINS D'IMPÔTS MAINTENANT,MIGUET,2254,PARTI HUMANISTE,CHANUT,0,POLITIQUE POUR L'EUROPE,COTTEN,26,VIVANT ENERGIE FRANCE,MAUDRUX,1283,VIVE LE FEDERALISME,ALLENBACH,0,L'UNION POUR L'EUROPE,SARKOZY,15435,AVEC L'EUROPE,BAYROU,12383,RASSEMBLEMENT POUR LA FRA,PASQUA,19642,FRONT NATIONAL ,LE PEN,7581,EUROPEENS D'ACCORD FRANCA,MEGRET,5349
2,AISNE,367488,188775,178713,11709,167004,LUTTE OUVRIERE ET LCR,LAGUILLER,11397,BOUGE L'EUROPE,HUE,13264,CONSTRUISONS NOTRE EUROPE,HOLLANDE,36395,"L'ECOLOGIE, LES VERTS",COHN-BENDIT,11103,ECOLOGIE  CHOIX DE LA VIE,WAECHTER,2659, MI OU MI MWEN,JOS,30,"CHASSE, PÊCHE TRADITIONS",SAINT-JOSSE,15118,COMBAT POUR L'EMPLOI,LARROUTUROU,1937,LIGUE NATIONALISTE,GUERRIN,0,LISTE LOI NATURELLE ,FRAPPE,953,MOINS D'IMPÔTS MAINTENANT,MIGUET,3250,PARTI HUMANISTE,CHANUT,17,POLITIQUE POUR L'EUROPE,COTTEN,3,VIVANT ENERGIE FRANCE,MAUDRUX,1139,VIVE LE FEDERALISME,ALLENBACH,0,L'UNION POUR L'EUROPE,SARKOZY,19262,AVEC L'EUROPE,BAYROU,11187,RASSEMBLEMENT POUR LA FRA,PASQUA,19713,FRONT NATIONAL ,LE PEN,14184,EUROPEENS D'ACCORD FRANCA,MEGRET,5393
3,ALLIER,258481,135873,122608,10110,112498,LUTTE OUVRIERE ET LCR,LAGUILLER,5372,BOUGE L'EUROPE,HUE,17325,CONSTRUISONS NOTRE EUROPE,HOLLANDE,25085,"L'ECOLOGIE, LES VERTS",COHN-BENDIT,8198,ECOLOGIE  CHOIX DE LA VIE,WAECHTER,1433, MI OU MI MWEN,JOS,24,"CHASSE, PÊCHE TRADITIONS",SAINT-JOSSE,4192,COMBAT POUR L'EMPLOI,LARROUTUROU,1125,LIGUE NATIONALISTE,GUERRIN,0,LISTE LOI NATURELLE ,FRAPPE,601,MOINS D'IMPÔTS MAINTENANT,MIGUET,2232,PARTI HUMANISTE,CHANUT,0,POLITIQUE POUR L'EUROPE,COTTEN,6,VIVANT ENERGIE FRANCE,MAUDRUX,124,VIVE LE FEDERALISME,ALLENBACH,0,L'UNION POUR L'EUROPE,SARKOZY,14202,AVEC L'EUROPE,BAYROU,10505,RASSEMBLEMENT POUR LA FRA,PASQUA,14635,FRONT NATIONAL ,LE PEN,4920,EUROPEENS D'ACCORD FRANCA,MEGRET,2519
4,ALPES DE HAUTE PROVENCE,104846,50498,54348,3604,50744,LUTTE OUVRIERE ET LCR,LAGUILLER,2605,BOUGE L'EUROPE,HUE,4266,CONSTRUISONS NOTRE EUROPE,HOLLANDE,10190,"L'ECOLOGIE, LES VERTS",COHN-BENDIT,4965,ECOLOGIE  CHOIX DE LA VIE,WAECHTER,857, MI OU MI MWEN,JOS,0,"CHASSE, PÊCHE TRADITIONS",SAINT-JOSSE,5427,COMBAT POUR L'EMPLOI,LARROUTUROU,448,LIGUE NATIONALISTE,GUERRIN,0,LISTE LOI NATURELLE ,FRAPPE,211,MOINS D'IMPÔTS MAINTENANT,MIGUET,858,PARTI HUMANISTE,CHANUT,0,POLITIQUE POUR L'EUROPE,COTTEN,8,VIVANT ENERGIE FRANCE,MAUDRUX,403,VIVE LE FEDERALISME,ALLENBACH,0,L'UNION POUR L'EUROPE,SARKOZY,5268,AVEC L'EUROPE,BAYROU,3295,RASSEMBLEMENT POUR LA FRA,PASQUA,7453,FRONT NATIONAL ,LE PEN,2531,EUROPEENS D'ACCORD FRANCA,MEGRET,1959
5,HAUTES ALPES,90287,44786,45501,3107,42394,LUTTE OUVRIERE ET LCR,LAGUILLER,1885,BOUGE L'EUROPE,HUE,2897,CONSTRUISONS NOTRE EUROPE,HOLLANDE,8624,"L'ECOLOGIE, LES VERTS",COHN-BENDIT,4922,ECOLOGIE  CHOIX DE LA VIE,WAECHTER,742, MI OU MI MWEN,JOS,0,"CHASSE, PÊCHE TRADITIONS",SAINT-JOSSE,3437,COMBAT POUR L'EMPLOI,LARROUTUROU,305,LIGUE NATIONALISTE,GUERRIN,0,LISTE LOI NATURELLE ,FRAPPE,126,MOINS D'IMPÔTS MAINTENANT,MIGUET,751,PARTI HUMANISTE,CHANUT,0,POLITIQUE POUR L'EUROPE,COTTEN,21,VIVANT ENERGIE FRANCE,MAUDRUX,278,VIVE LE FEDERALISME,ALLENBACH,0,L'UNION POUR L'EUROPE,SARKOZY,5141,AVEC L'EUROPE,BAYROU,4485,RASSEMBLEMENT POUR LA FRA,PASQUA,5816,FRONT NATIONAL ,LE PEN,1720,EUROPEENS D'ACCORD FRANCA,MEGRET,1244
6,ALPES MARITIMES,668046,381181,286865,11446,275419,LUTTE OUVRIERE ET LCR,LAGUILLER,9594,BOUGE L'EUROPE,HUE,16728,CONSTRUISONS NOTRE EUROPE,HOLLANDE,46202,"L'ECOLOGIE, LES VERTS",COHN-BENDIT,25020,ECOLOGIE  CHOIX DE LA VIE,WAECHTER,4075, MI OU MI MWEN,JOS,36,"CHASSE, PÊCHE TRADITIONS",SAINT-JOSSE,7427,COMBAT POUR L'EMPLOI,LARROUTUROU,1548,LIGUE NATIONALISTE,GUERRIN,9,LISTE LOI NATURELLE ,FRAPPE,648,MOINS D'IMPÔTS MAINTENANT,MIGUET,4256,PARTI HUMANISTE,CHANUT,33,POLITIQUE POUR L'EUROPE,COTTEN,54,VIVANT ENERGIE FRANCE,MAUDRUX,2045,VIVE LE FEDERALISME,ALLENBACH,1,L'UNION POUR L'EUROPE,SARKOZY,38817,AVEC L'EUROPE,BAYROU,21353,RASSEMBLEMENT POUR LA FRA,PASQUA,56117,FRONT NATIONAL ,LE PEN,25416,EUROPEENS D'ACCORD FRANCA,MEGRET,16040
7,ARDECHE,213756,106983,106773,6309,100464,LUTTE OUVRIERE ET LCR,LAGUILLER,4661,BOUGE L'EUROPE,HUE,8294,CONSTRUISONS NOTRE EUROPE,HOLLANDE,21284,"L'ECOLOGIE, LES VERTS",COHN-BENDIT,8965,ECOLOGIE  CHOIX DE LA VIE,WAECHTER,1412, MI OU MI MWEN,JOS,14,"CHASSE, PÊCHE TRADITIONS",SAINT-JOSSE,10342,COMBAT POUR L'EMPLOI,LARROUTUROU,894,LIGUE NATIONALISTE,GUERRIN,0,LISTE LOI NATURELLE ,FRAPPE,360,MOINS D'IMPÔTS MAINTENANT,MIGUET,1347,PARTI HUMANISTE,CHANUT,0,POLITIQUE POUR L'EUROPE,COTTEN,41,VIVANT ENERGIE FRANCE,MAUDRUX,999,VIVE LE FEDERALISME,ALLENBACH,0,L'UNION POUR L'EUROPE,SARKOZY,11197,AVEC L'EUROPE,BAYROU,9243,RASSEMBLEMENT POUR LA FRA,PASQUA,13693,FRONT NATIONAL ,LE PEN,4637,EUROPEENS D'ACCORD FRANCA,MEGRET,3081
8,ARDENNES,192007,109101,82906,4983,77923,LUTTE OUVRIERE ET LCR,LAGUILLER,4492,BOUGE L'EUROPE,HUE,5347,CONSTRUISONS NOTRE EUROPE,HOLLANDE,17786,"L'ECOLOGIE, LES VERTS",COHN-BENDIT,6156,ECOLOGIE  CHOIX DE LA VIE,WAECHTER,1190, MI OU MI MWEN,JOS,60,"CHASSE, PÊCHE TRADITIONS",SAINT-JOSSE,4566,COMBAT POUR L'EMPLOI,LARROUTUROU,800,LIGUE NATIONALISTE,GUERRIN,0,LISTE LOI NATURELLE ,FRAPPE,340,MOINS D'IMPÔTS MAINTENANT,MIGUET,1405,PARTI HUMANISTE,CHANUT,0,POLITIQUE POUR L'EUROPE,COTTEN,7,VIVANT ENERGIE FRANCE,MAUDRUX,447,VIVE LE FEDERALISME,ALLENBACH,0,L'UNION POUR L'EUROPE,SARKOZY,10384,AVEC L'EUROPE,BAYROU,6306,RASSEMBLEMENT POUR LA FRA,PASQUA,9310,FRONT NATIONAL ,LE PEN,5811,EUROPEENS D'ACCORD FRANCA,MEGRET,3516
9,ARIEGE,108003,50520,57483,3770,53713,LUTTE OUVRIERE ET LCR,LAGUILLER,3036,BOUGE L'EUROPE,HUE,4726,CONSTRUISONS NOTRE EUROPE,HOLLANDE,17134,"L'ECOLOGIE, LES VERTS",COHN-BENDIT,4892,ECOLOGIE  CHOIX DE LA VIE,WAECHTER,652, MI OU MI MWEN,JOS,0,"CHASSE, PÊCHE TRADITIONS",SAINT-JOSSE,5635,COMBAT POUR L'EMPLOI,LARROUTUROU,537,LIGUE NATIONALISTE,GUERRIN,0,LISTE LOI NATURELLE ,FRAPPE,0,MOINS D'IMPÔTS MAINTENANT,MIGUET,701,PARTI HUMANISTE,CHANUT,0,POLITIQUE POUR L'EUROPE,COTTEN,7,VIVANT ENERGIE FRANCE,MAUDRUX,341,VIVE LE FEDERALISME,ALLENBACH,0,L'UNION POUR L'EUROPE,SARKOZY,4299,AVEC L'EUROPE,BAYROU,3004,RASSEMBLEMENT POUR LA FRA,PASQUA,5668,FRONT NATIONAL ,LE PEN,2002,EUROPEENS D'ACCORD FRANCA,MEGRET,1079
10,AUBE,191862,101902,89960,5975,83985,LUTTE OUVRIERE ET LCR,LAGUILLER,3871,BOUGE L'EUROPE,HUE,4971,CONSTRUISONS NOTRE EUROPE,HOLLANDE,15567,"L'ECOLOGIE, LES VERTS",COHN-BENDIT,6332,ECOLOGIE  CHOIX DE LA VIE,WAECHTER,1251, MI OU MI MWEN,JOS,0,"CHASSE, PÊCHE TRADITIONS",SAINT-JOSSE,7031,COMBAT POUR L'EMPLOI,LARROUTUROU,680,LIGUE NATIONALISTE,GUERRIN,1,LISTE LOI NATURELLE ,FRAPPE,416,MOINS D'IMPÔTS MAINTENANT,MIGUET,2135,PARTI HUMANISTE,CHANUT,11,POLITIQUE POUR L'EUROPE,COTTEN,14,VIVANT ENERGIE FRANCE,MAUDRUX,502,VIVE LE FEDERALISME,ALLENBACH,0,L'UNION POUR L'EUROPE,SARKOZY,11942,AVEC L'EUROPE,BAYROU,7336,RASSEMBLEMENT POUR LA FRA,PASQUA,12020,FRONT NATIONAL ,LE PEN,6943,EUROPEENS D'ACCORD FRANCA,MEGRET,2962
11,AUDE,230504,110392,120112,7746,112366,LUTTE OUVRIERE ET LCR,LAGUILLER,5115,BOUGE L'EUROPE,HUE,9582,CONSTRUISONS NOTRE EUROPE,HOLLANDE,34949,"L'ECOLOGIE, LES VERTS",COHN-BENDIT,8091,ECOLOGIE  CHOIX DE LA VIE,WAECHTER,1288, MI OU MI MWEN,JOS,26,"CHASSE, PÊCHE TRADITIONS",SAINT-JOSSE,11346,COMBAT POUR L'EMPLOI,LARROUTUROU,1008,LIGUE NATIONALISTE,GUERRIN,0,LISTE LOI NATURELLE ,FRAPPE,169,MOINS D'IMPÔTS MAINTENANT,MIGUET,1297,PARTI HUMANISTE,CHANUT,11,POLITIQUE POUR L'EUROPE,COTTEN,14,VIVANT ENERGIE FRANCE,MAUDRUX,898,VIVE LE FEDERALISME,ALLENBACH,0,L'UNION POUR L'EUROPE,SARKOZY,9952,AVEC L'EUROPE,BAYROU,5741,RASSEMBLEMENT POUR LA FRA,PASQUA,13733,FRONT NATIONAL ,LE PEN,5635,EUROPEENS D'ACCORD FRANCA,MEGRET,3511
12,AVEYRON,213165,98090,115075,9975,105100,LUTTE OUVRIERE ET LCR,LAGUILLER,4606,BOUGE L'EUROPE,HUE,5334,CONSTRUISONS NOTRE EUROPE,HOLLANDE,24371,"L'ECOLOGIE, LES VERTS",COHN-BENDIT,8393,ECOLOGIE  CHOIX DE LA VIE,WAECHTER,1398, MI OU MI MWEN,JOS,0,"CHASSE, PÊCHE TRADITIONS",SAINT-JOSSE,9875,COMBAT POUR L'EMPLOI,LARROUTUROU,1006,LIGUE NATIONALISTE,GUERRIN,0,LISTE LOI NATURELLE ,FRAPPE,1,MOINS D'IMPÔTS MAINTENANT,MIGUET,1788,PARTI HUMANISTE,CHANUT,0,POLITIQUE POUR L'EUROPE,COTTEN,37,VIVANT ENERGIE FRANCE,MAUDRUX,716,VIVE LE FEDERALISME,ALLENBACH,0,L'UNION POUR L'EUROPE,SARKOZY,14763,AVEC L'EUROPE,BAYROU,12407,RASSEMBLEMENT POUR LA FRA,PASQUA,15531,FRONT NATIONAL ,LE PEN,2946,EUROPEENS D'ACCORD FRANCA,MEGRET,1928
13,BOUCHES DU RHONE,1098362,600108,498254,21311,476943,LUTTE OUVRIERE ET LCR,LAGUILLER,22736,BOUGE L'EUROPE,HUE,46970,CONSTRUISONS NOTRE EUROPE,HOLLANDE,90599,"L'ECOLOGIE, LES VERTS",COHN-BENDIT,43046,ECOLOGIE  CHOIX DE LA VIE,WAECHTER,7074, MI OU MI MWEN,JOS,59,"CHASSE, PÊCHE TRADITIONS",SAINT-JOSSE,34482,COMBAT POUR L'EMPLOI,LARROUTUROU,3420,LIGUE NATIONALISTE,GUERRIN,0,LISTE LOI NATURELLE ,FRAPPE,1220,MOINS D'IMPÔTS MAINTENANT,MIGUET,6337,PARTI HUMANISTE,CHANUT,101,POLITIQUE POUR L'EUROPE,COTTEN,38,VIVANT ENERGIE FRANCE,MAUDRUX,2837,VIVE LE FEDERALISME,ALLENBACH,0,L'UNION POUR L'EUROPE,SARKOZY,48128,AVEC L'EUROPE,BAYROU,31572,RASSEMBLEMENT POUR LA FRA,PASQUA,62925,FRONT NATIONAL ,LE PEN,33889,EUROPEENS D'ACCORD FRANCA,MEGRET,41510
14,CALVADOS,445788,223445,222343,11804,210539,LUTTE OUVRIERE ET LCR,LAGUILLER,11514,BOUGE L'EUROPE,HUE,10350,CONSTRUISONS NOTRE EUROPE,HOLLANDE,44113,"L'ECOLOGIE, LES VERTS",COHN-BENDIT,20178,ECOLOGIE  CHOIX DE LA VIE,WAECHTER,3308, MI OU MI MWEN,JOS,39,"CHASSE, PÊCHE TRADITIONS",SAINT-JOSSE,27665,COMBAT POUR L'EMPLOI,LARROUTUROU,2512,LIGUE NATIONALISTE,GUERRIN,408,LISTE LOI NATURELLE ,FRAPPE,667,MOINS D'IMPÔTS MAINTENANT,MIGUET,4105,PARTI HUMANISTE,CHANUT,14,POLITIQUE POUR L'EUROPE,COTTEN,12,VIVANT ENERGIE FRANCE,MAUDRUX,1548,VIVE LE FEDERALISME,ALLENBACH,0,L'UNION POUR L'EUROPE,SARKOZY,25402,AVEC L'EUROPE,BAYROU,19079,RASSEMBLEMENT POUR LA FRA,PASQUA,25482,FRONT NATIONAL ,LE PEN,10261,EUROPEENS D'ACCORD FRANCA,MEGRET,3882
15,CANTAL,123118,64863,58255,4213,54042,LUTTE OUVRIERE ET LCR,LAGUILLER,2121,BOUGE L'EUROPE,HUE,2627,CONSTRUISONS NOTRE EUROPE,HOLLANDE,12572,"L'ECOLOGIE, LES VERTS",COHN-BENDIT,3178,ECOLOGIE  CHOIX DE LA VIE,WAECHTER,479, MI OU MI MWEN,JOS,12,"CHASSE, PÊCHE TRADITIONS",SAINT-JOSSE,5425,COMBAT POUR L'EMPLOI,LARROUTUROU,489,LIGUE NATIONALISTE,GUERRIN,3,LISTE LOI NATURELLE ,FRAPPE,194,MOINS D'IMPÔTS MAINTENANT,MIGUET,704,PARTI HUMANISTE,CHANUT,0,POLITIQUE POUR L'EUROPE,COTTEN,14,VIVANT ENERGIE FRANCE,MAUDRUX,401,VIVE LE FEDERALISME,ALLENBACH,0,L'UNION POUR L'EUROPE,SARKOZY,10649,AVEC L'EUROPE,BAYROU,5288,RASSEMBLEMENT POUR LA FRA,PASQUA,7734,FRONT NATIONAL ,LE PEN,1445,EUROPEENS D'ACCORD FRANCA,MEGRET,707
16,CHARENTE,254701,133415,121286,9389,111897,LUTTE OUVRIERE ET LCR,LAGUILLER,5683,BOUGE L'EUROPE,HUE,8522,CONSTRUISONS NOTRE EUROPE,HOLLANDE,28329,"L'ECOLOGIE, LES VERTS",COHN-BENDIT,9052,ECOLOGIE  CHOIX DE LA VIE,WAECHTER,1367, MI OU MI MWEN,JOS,52,"CHASSE, PÊCHE TRADITIONS",SAINT-JOSSE,10753,COMBAT POUR L'EMPLOI,LARROUTUROU,1172,LIGUE NATIONALISTE,GUERRIN,6,LISTE LOI NATURELLE ,FRAPPE,535,MOINS D'IMPÔTS MAINTENANT,MIGUET,1705,PARTI HUMANISTE,CHANUT,0,POLITIQUE POUR L'EUROPE,COTTEN,1,VIVANT ENERGIE FRANCE,MAUDRUX,952,VIVE LE FEDERALISME,ALLENBACH,0,L'UNION POUR L'EUROPE,SARKOZY,13081,AVEC L'EUROPE,BAYROU,9200,RASSEMBLEMENT POUR LA FRA,PASQUA,14779,FRONT NATIONAL ,LE PEN,4417,EUROPEENS D'ACCORD FRANCA,MEGRET,2291
17,CHARENTE MARITIME,404722,206330,198392,10493,187899,LUTTE OUVRIERE ET LCR,LAGUILLER,7489,BOUGE L'EUROPE,HUE,11075,CONSTRUISONS NOTRE EUROPE,HOLLANDE,39813,"L'ECOLOGIE, LES VERTS",COHN-BENDIT,16055,ECOLOGIE  CHOIX DE LA VIE,WAECHTER,2295, MI OU MI MWEN,JOS,20,"CHASSE, PÊCHE TRADITIONS",SAINT-JOSSE,31781,COMBAT POUR L'EMPLOI,LARROUTUROU,1640,LIGUE NATIONALISTE,GUERRIN,6,LISTE LOI NATURELLE ,FRAPPE,926,MOINS D'IMPÔTS MAINTENANT,MIGUET,2857,PARTI HUMANISTE,CHANUT,1,POLITIQUE POUR L'EUROPE,COTTEN,7,VIVANT ENERGIE FRANCE,MAUDRUX,1592,VIVE LE FEDERALISME,ALLENBACH,0,L'UNION POUR L'EUROPE,SARKOZY,21395,AVEC L'EUROPE,BAYROU,14285,RASSEMBLEMENT POUR LA FRA,PASQUA,25696,FRONT NATIONAL ,LE PEN,7046,EUROPEENS D'ACCORD FRANCA,MEGRET,3920
18,CHER,228079,119017,109062,7532,101530,LUTTE OUVRIERE ET LCR,LAGUILLER,5090,BOUGE L'EUROPE,HUE,12518,CONSTRUISONS NOTRE EUROPE,HOLLANDE,20422,"L'ECOLOGIE, LES VERTS",COHN-BENDIT,7225,ECOLOGIE  CHOIX DE LA VIE,WAECHTER,1099, MI OU MI MWEN,JOS,15,"CHASSE, PÊCHE TRADITIONS",SAINT-JOSSE,7983,COMBAT POUR L'EMPLOI,LARROUTUROU,897,LIGUE NATIONALISTE,GUERRIN,2,LISTE LOI NATURELLE ,FRAPPE,462,MOINS D'IMPÔTS MAINTENANT,MIGUET,1887,PARTI HUMANISTE,CHANUT,0,POLITIQUE POUR L'EUROPE,COTTEN,4,VIVANT ENERGIE FRANCE,MAUDRUX,782,VIVE LE FEDERALISME,ALLENBACH,0,L'UNION POUR L'EUROPE,SARKOZY,12680,AVEC L'EUROPE,BAYROU,8127,RASSEMBLEMENT POUR LA FRA,PASQUA,14403,FRONT NATIONAL ,LE PEN,5436,EUROPEENS D'ACCORD FRANCA,MEGRET,2498
19,CORREZE,183459,79754,103705,8629,95076,LUTTE OUVRIERE ET LCR,LAGUILLER,3716,BOUGE L'EUROPE,HUE,10517,CONSTRUISONS NOTRE EUROPE,HOLLANDE,27233,"L'ECOLOGIE, LES VERTS",COHN-BENDIT,5276,ECOLOGIE  CHOIX DE LA VIE,WAECHTER,773, MI OU MI MWEN,JOS,1,"CHASSE, PÊCHE TRADITIONS",SAINT-JOSSE,7243,COMBAT POUR L'EMPLOI,LARROUTUROU,672,LIGUE NATIONALISTE,GUERRIN,0,LISTE LOI NATURELLE ,FRAPPE,268,MOINS D'IMPÔTS MAINTENANT,MIGUET,1221,PARTI HUMANISTE,CHANUT,0,POLITIQUE POUR L'EUROPE,COTTEN,11,VIVANT ENERGIE FRANCE,MAUDRUX,428,VIVE LE FEDERALISME,ALLENBACH,0,L'UNION POUR L'EUROPE,SARKOZY,18823,AVEC L'EUROPE,BAYROU,4423,RASSEMBLEMENT POUR LA FRA,PASQUA,10526,FRONT NATIONAL ,LE PEN,2603,EUROPEENS D'ACCORD FRANCA,MEGRET,1342
2A,CORSE SUD,81625,56425,25200,744,24456,LUTTE OUVRIERE ET LCR,LAGUILLER,770,BOUGE L'EUROPE,HUE,2480,CONSTRUISONS NOTRE EUROPE,HOLLANDE,4338,"L'ECOLOGIE, LES VERTS",COHN-BENDIT,1608,ECOLOGIE  CHOIX DE LA VIE,WAECHTER,490, MI OU MI MWEN,JOS,1,"CHASSE, PÊCHE TRADITIONS",SAINT-JOSSE,1859,COMBAT POUR L'EMPLOI,LARROUTUROU,80,LIGUE NATIONALISTE,GUERRIN,0,LISTE LOI NATURELLE ,FRAPPE,0,MOINS D'IMPÔTS MAINTENANT,MIGUET,252,PARTI HUMANISTE,CHANUT,0,POLITIQUE POUR L'EUROPE,COTTEN,2,VIVANT ENERGIE FRANCE,MAUDRUX,170,VIVE LE FEDERALISME,ALLENBACH,0,L'UNION POUR L'EUROPE,SARKOZY,5824,AVEC L'EUROPE,BAYROU,1234,RASSEMBLEMENT POUR LA FRA,PASQUA,3769,FRONT NATIONAL ,LE PEN,960,EUROPEENS D'ACCORD FRANCA,MEGRET,619
2B,HAUTE CORSE,100666,68099,32567,908,31659,LUTTE OUVRIERE ET LCR,LAGUILLER,947,BOUGE L'EUROPE,HUE,3133,CONSTRUISONS NOTRE EUROPE,HOLLANDE,6891,"L'ECOLOGIE, LES VERTS",COHN-BENDIT,1742,ECOLOGIE  CHOIX DE LA VIE,WAECHTER,345, MI OU MI MWEN,JOS,0,"CHASSE, PÊCHE TRADITIONS",SAINT-JOSSE,3644,COMBAT POUR L'EMPLOI,LARROUTUROU,86,LIGUE NATIONALISTE,GUERRIN,0,LISTE LOI NATURELLE ,FRAPPE,0,MOINS D'IMPÔTS MAINTENANT,MIGUET,277,PARTI HUMANISTE,CHANUT,0,POLITIQUE POUR L'EUROPE,COTTEN,0,VIVANT ENERGIE FRANCE,MAUDRUX,128,VIVE LE FEDERALISME,ALLENBACH,0,L'UNION POUR L'EUROPE,SARKOZY,8336,AVEC L'EUROPE,BAYROU,1145,RASSEMBLEMENT POUR LA FRA,PASQUA,3539,FRONT NATIONAL ,LE PEN,820,EUROPEENS D'ACCORD FRANCA,MEGRET,626
21,COTE D'OR,324541,174225,150316,8856,141460,LUTTE OUVRIERE ET LCR,LAGUILLER,6840,BOUGE L'EUROPE,HUE,6594,CONSTRUISONS NOTRE EUROPE,HOLLANDE,30991,"L'ECOLOGIE, LES VERTS",COHN-BENDIT,14185,ECOLOGIE  CHOIX DE LA VIE,WAECHTER,2343, MI OU MI MWEN,JOS,0,"CHASSE, PÊCHE TRADITIONS",SAINT-JOSSE,9193,COMBAT POUR L'EMPLOI,LARROUTUROU,1084,LIGUE NATIONALISTE,GUERRIN,0,LISTE LOI NATURELLE ,FRAPPE,478,MOINS D'IMPÔTS MAINTENANT,MIGUET,2449,PARTI HUMANISTE,CHANUT,0,POLITIQUE POUR L'EUROPE,COTTEN,0,VIVANT ENERGIE FRANCE,MAUDRUX,1329,VIVE LE FEDERALISME,ALLENBACH,0,L'UNION POUR L'EUROPE,SARKOZY,19292,AVEC L'EUROPE,BAYROU,13688,RASSEMBLEMENT POUR LA FRA,PASQUA,20409,FRONT NATIONAL ,LE PEN,7456,EUROPEENS D'ACCORD FRANCA,MEGRET,5129
22,COTES D'ARMOR,422850,205058,217792,13021,204771,LUTTE OUVRIERE ET LCR,LAGUILLER,11141,BOUGE L'EUROPE,HUE,17792,CONSTRUISONS NOTRE EUROPE,HOLLANDE,51666,"L'ECOLOGIE, LES VERTS",COHN-BENDIT,22648,ECOLOGIE  CHOIX DE LA VIE,WAECHTER,2898, MI OU MI MWEN,JOS,15,"CHASSE, PÊCHE TRADITIONS",SAINT-JOSSE,11421,COMBAT POUR L'EMPLOI,LARROUTUROU,2248,LIGUE NATIONALISTE,GUERRIN,4,LISTE LOI NATURELLE ,FRAPPE,944,MOINS D'IMPÔTS MAINTENANT,MIGUET,3554,PARTI HUMANISTE,CHANUT,1,POLITIQUE POUR L'EUROPE,COTTEN,15,VIVANT ENERGIE FRANCE,MAUDRUX,1725,VIVE LE FEDERALISME,ALLENBACH,0,L'UNION POUR L'EUROPE,SARKOZY,27743,AVEC L'EUROPE,BAYROU,21919,RASSEMBLEMENT POUR LA FRA,PASQUA,19050,FRONT NATIONAL ,LE PEN,7192,EUROPEENS D'ACCORD FRANCA,MEGRET,2795
23,CREUSE,104481,54746,49735,4290,45445,LUTTE OUVRIERE ET LCR,LAGUILLER,2174,BOUGE L'EUROPE,HUE,4250,CONSTRUISONS NOTRE EUROPE,HOLLANDE,12258,"L'ECOLOGIE, LES VERTS",COHN-BENDIT,3067,ECOLOGIE  CHOIX DE LA VIE,WAECHTER,405, MI OU MI MWEN,JOS,2,"CHASSE, PÊCHE TRADITIONS",SAINT-JOSSE,4007,COMBAT POUR L'EMPLOI,LARROUTUROU,391,LIGUE NATIONALISTE,GUERRIN,0,LISTE LOI NATURELLE ,FRAPPE,210,MOINS D'IMPÔTS MAINTENANT,MIGUET,576,PARTI HUMANISTE,CHANUT,0,POLITIQUE POUR L'EUROPE,COTTEN,0,VIVANT ENERGIE FRANCE,MAUDRUX,293,VIVE LE FEDERALISME,ALLENBACH,0,L'UNION POUR L'EUROPE,SARKOZY,6393,AVEC L'EUROPE,BAYROU,2468,RASSEMBLEMENT POUR LA FRA,PASQUA,6922,FRONT NATIONAL ,LE PEN,1425,EUROPEENS D'ACCORD FRANCA,MEGRET,604
24,DORDOGNE,304527,137037,167490,15597,151893,LUTTE OUVRIERE ET LCR,LAGUILLER,6856,BOUGE L'EUROPE,HUE,16602,CONSTRUISONS NOTRE EUROPE,HOLLANDE,36984,"L'ECOLOGIE, LES VERTS",COHN-BENDIT,11879,ECOLOGIE  CHOIX DE LA VIE,WAECHTER,1853, MI OU MI MWEN,JOS,1,"CHASSE, PÊCHE TRADITIONS",SAINT-JOSSE,11756,COMBAT POUR L'EMPLOI,LARROUTUROU,1548,LIGUE NATIONALISTE,GUERRIN,0,LISTE LOI NATURELLE ,FRAPPE,652,MOINS D'IMPÔTS MAINTENANT,MIGUET,2531,PARTI HUMANISTE,CHANUT,2,POLITIQUE POUR L'EUROPE,COTTEN,61,VIVANT ENERGIE FRANCE,MAUDRUX,1395,VIVE LE FEDERALISME,ALLENBACH,0,L'UNION POUR L'EUROPE,SARKOZY,20508,AVEC L'EUROPE,BAYROU,10732,RASSEMBLEMENT POUR LA FRA,PASQUA,19302,FRONT NATIONAL ,LE PEN,5485,EUROPEENS D'ACCORD FRANCA,MEGRET,3746
25,DOUBS,327687,165723,161964,10467,151497,LUTTE OUVRIERE ET LCR,LAGUILLER,7749,BOUGE L'EUROPE,HUE,5865,CONSTRUISONS NOTRE EUROPE,HOLLANDE,36181,"L'ECOLOGIE, LES VERTS",COHN-BENDIT,15729,ECOLOGIE  CHOIX DE LA VIE,WAECHTER,2279, MI OU MI MWEN,JOS,35,"CHASSE, PÊCHE TRADITIONS",SAINT-JOSSE,7806,COMBAT POUR L'EMPLOI,LARROUTUROU,1137,LIGUE NATIONALISTE,GUERRIN,0,LISTE LOI NATURELLE ,FRAPPE,572,MOINS D'IMPÔTS MAINTENANT,MIGUET,2569,PARTI HUMANISTE,CHANUT,2,POLITIQUE POUR L'EUROPE,COTTEN,5,VIVANT ENERGIE FRANCE,MAUDRUX,1177,VIVE LE FEDERALISME,ALLENBACH,0,L'UNION POUR L'EUROPE,SARKOZY,24194,AVEC L'EUROPE,BAYROU,13013,RASSEMBLEMENT POUR LA FRA,PASQUA,19999,FRONT NATIONAL ,LE PEN,8482,EUROPEENS D'ACCORD FRANCA,MEGRET,4703
26,DROME,298067,152766,145301,8670,136631,LUTTE OUVRIERE ET LCR,LAGUILLER,6427,BOUGE L'EUROPE,HUE,8807,CONSTRUISONS NOTRE EUROPE,HOLLANDE,29643,"L'ECOLOGIE, LES VERTS",COHN-BENDIT,14284,ECOLOGIE  CHOIX DE LA VIE,WAECHTER,2071, MI OU MI MWEN,JOS,0,"CHASSE, PÊCHE TRADITIONS",SAINT-JOSSE,10925,COMBAT POUR L'EMPLOI,LARROUTUROU,1044,LIGUE NATIONALISTE,GUERRIN,0,LISTE LOI NATURELLE ,FRAPPE,444,MOINS D'IMPÔTS MAINTENANT,MIGUET,2237,PARTI HUMANISTE,CHANUT,0,POLITIQUE POUR L'EUROPE,COTTEN,0,VIVANT ENERGIE FRANCE,MAUDRUX,1504,VIVE LE FEDERALISME,ALLENBACH,0,L'UNION POUR L'EUROPE,SARKOZY,14755,AVEC L'EUROPE,BAYROU,12710,RASSEMBLEMENT POUR LA FRA,PASQUA,18275,FRONT NATIONAL ,LE PEN,8456,EUROPEENS D'ACCORD FRANCA,MEGRET,5049
27,EURE,365774,188082,177692,11242,166450,LUTTE OUVRIERE ET LCR,LAGUILLER,9015,BOUGE L'EUROPE,HUE,10146,CONSTRUISONS NOTRE EUROPE,HOLLANDE,32268,"L'ECOLOGIE, LES VERTS",COHN-BENDIT,14788,ECOLOGIE  CHOIX DE LA VIE,WAECHTER,2678, MI OU MI MWEN,JOS,37,"CHASSE, PÊCHE TRADITIONS",SAINT-JOSSE,14002,COMBAT POUR L'EMPLOI,LARROUTUROU,1764,LIGUE NATIONALISTE,GUERRIN,12,LISTE LOI NATURELLE ,FRAPPE,826,MOINS D'IMPÔTS MAINTENANT,MIGUET,3763,PARTI HUMANISTE,CHANUT,1,POLITIQUE POUR L'EUROPE,COTTEN,4,VIVANT ENERGIE FRANCE,MAUDRUX,784,VIVE LE FEDERALISME,ALLENBACH,0,L'UNION POUR L'EUROPE,SARKOZY,20414,AVEC L'EUROPE,BAYROU,13931,RASSEMBLEMENT POUR LA FRA,PASQUA,23015,FRONT NATIONAL ,LE PEN,12784,EUROPEENS D'ACCORD FRANCA,MEGRET,6218
28,EURE ET LOIR,275463,142638,132825,8105,124720,LUTTE OUVRIERE ET LCR,LAGUILLER,5986,BOUGE L'EUROPE,HUE,5811,CONSTRUISONS NOTRE EUROPE,HOLLANDE,24950,"L'ECOLOGIE, LES VERTS",COHN-BENDIT,10203,ECOLOGIE  CHOIX DE LA VIE,WAECHTER,1720, MI OU MI MWEN,JOS,33,"CHASSE, PÊCHE TRADITIONS",SAINT-JOSSE,11469,COMBAT POUR L'EMPLOI,LARROUTUROU,1106,LIGUE NATIONALISTE,GUERRIN,0,LISTE LOI NATURELLE ,FRAPPE,570,MOINS D'IMPÔTS MAINTENANT,MIGUET,2446,PARTI HUMANISTE,CHANUT,0,POLITIQUE POUR L'EUROPE,COTTEN,4,VIVANT ENERGIE FRANCE,MAUDRUX,915,VIVE LE FEDERALISME,ALLENBACH,0,L'UNION POUR L'EUROPE,SARKOZY,15228,AVEC L'EUROPE,BAYROU,10625,RASSEMBLEMENT POUR LA FRA,PASQUA,19165,FRONT NATIONAL ,LE PEN,10130,EUROPEENS D'ACCORD FRANCA,MEGRET,4359
29,FINISTERE,627123,321672,305451,13879,291572,LUTTE OUVRIERE ET LCR,LAGUILLER,14920,BOUGE L'EUROPE,HUE,16302,CONSTRUISONS NOTRE EUROPE,HOLLANDE,75874,"L'ECOLOGIE, LES VERTS",COHN-BENDIT,33058,ECOLOGIE  CHOIX DE LA VIE,WAECHTER,4031, MI OU MI MWEN,JOS,86,"CHASSE, PÊCHE TRADITIONS",SAINT-JOSSE,14076,COMBAT POUR L'EMPLOI,LARROUTUROU,3080,LIGUE NATIONALISTE,GUERRIN,2,LISTE LOI NATURELLE ,FRAPPE,841,MOINS D'IMPÔTS MAINTENANT,MIGUET,4663,PARTI HUMANISTE,CHANUT,21,POLITIQUE POUR L'EUROPE,COTTEN,54,VIVANT ENERGIE FRANCE,MAUDRUX,2110,VIVE LE FEDERALISME,ALLENBACH,0,L'UNION POUR L'EUROPE,SARKOZY,46252,AVEC L'EUROPE,BAYROU,30770,RASSEMBLEMENT POUR LA FRA,PASQUA,32163,FRONT NATIONAL ,LE PEN,9019,EUROPEENS D'ACCORD FRANCA,MEGRET,4250
30,GARD,427359,218218,209141,11735,197406,LUTTE OUVRIERE ET LCR,LAGUILLER,9497,BOUGE L'EUROPE,HUE,19770,CONSTRUISONS NOTRE EUROPE,HOLLANDE,37778,"L'ECOLOGIE, LES VERTS",COHN-BENDIT,16723,ECOLOGIE  CHOIX DE LA VIE,WAECHTER,2465, MI OU MI MWEN,JOS,2,"CHASSE, PÊCHE TRADITIONS",SAINT-JOSSE,17500,COMBAT POUR L'EMPLOI,LARROUTUROU,1623,LIGUE NATIONALISTE,GUERRIN,2,LISTE LOI NATURELLE ,FRAPPE,604,MOINS D'IMPÔTS MAINTENANT,MIGUET,2929,PARTI HUMANISTE,CHANUT,0,POLITIQUE POUR L'EUROPE,COTTEN,21,VIVANT ENERGIE FRANCE,MAUDRUX,1407,VIVE LE FEDERALISME,ALLENBACH,0,L'UNION POUR L'EUROPE,SARKOZY,18395,AVEC L'EUROPE,BAYROU,13349,RASSEMBLEMENT POUR LA FRA,PASQUA,29426,FRONT NATIONAL ,LE PEN,14672,EUROPEENS D'ACCORD FRANCA,MEGRET,11243
31,HAUTE GARONNE,673424,330443,342981,19009,323972,LUTTE OUVRIERE ET LCR,LAGUILLER,20111,BOUGE L'EUROPE,HUE,20618,CONSTRUISONS NOTRE EUROPE,HOLLANDE,95077,"L'ECOLOGIE, LES VERTS",COHN-BENDIT,34666,ECOLOGIE  CHOIX DE LA VIE,WAECHTER,4480, MI OU MI MWEN,JOS,20,"CHASSE, PÊCHE TRADITIONS",SAINT-JOSSE,16163,COMBAT POUR L'EMPLOI,LARROUTUROU,3522,LIGUE NATIONALISTE,GUERRIN,1,LISTE LOI NATURELLE ,FRAPPE,1146,MOINS D'IMPÔTS MAINTENANT,MIGUET,4682,PARTI HUMANISTE,CHANUT,88,POLITIQUE POUR L'EUROPE,COTTEN,31,VIVANT ENERGIE FRANCE,MAUDRUX,1727,VIVE LE FEDERALISME,ALLENBACH,0,L'UNION POUR L'EUROPE,SARKOZY,28669,AVEC L'EUROPE,BAYROU,30012,RASSEMBLEMENT POUR LA FRA,PASQUA,37328,FRONT NATIONAL ,LE PEN,15997,EUROPEENS D'ACCORD FRANCA,MEGRET,9634
32,GERS,135314,61550,73764,5418,68346,LUTTE OUVRIERE ET LCR,LAGUILLER,2983,BOUGE L'EUROPE,HUE,4132,CONSTRUISONS NOTRE EUROPE,HOLLANDE,18320,"L'ECOLOGIE, LES VERTS",COHN-BENDIT,5081,ECOLOGIE  CHOIX DE LA VIE,WAECHTER,772, MI OU MI MWEN,JOS,0,"CHASSE, PÊCHE TRADITIONS",SAINT-JOSSE,8470,COMBAT POUR L'EMPLOI,LARROUTUROU,620,LIGUE NATIONALISTE,GUERRIN,1,LISTE LOI NATURELLE ,FRAPPE,334,MOINS D'IMPÔTS MAINTENANT,MIGUET,1055,PARTI HUMANISTE,CHANUT,0,POLITIQUE POUR L'EUROPE,COTTEN,65,VIVANT ENERGIE FRANCE,MAUDRUX,343,VIVE LE FEDERALISME,ALLENBACH,0,L'UNION POUR L'EUROPE,SARKOZY,7132,AVEC L'EUROPE,BAYROU,6122,RASSEMBLEMENT POUR LA FRA,PASQUA,9228,FRONT NATIONAL ,LE PEN,2370,EUROPEENS D'ACCORD FRANCA,MEGRET,1318
33,GIRONDE,835213,420288,414925,20495,394430,LUTTE OUVRIERE ET LCR,LAGUILLER,20809,BOUGE L'EUROPE,HUE,25394,CONSTRUISONS NOTRE EUROPE,HOLLANDE,94396,"L'ECOLOGIE, LES VERTS",COHN-BENDIT,36235,ECOLOGIE  CHOIX DE LA VIE,WAECHTER,4658, MI OU MI MWEN,JOS,54,"CHASSE, PÊCHE TRADITIONS",SAINT-JOSSE,49249,COMBAT POUR L'EMPLOI,LARROUTUROU,3995,LIGUE NATIONALISTE,GUERRIN,12,LISTE LOI NATURELLE ,FRAPPE,1408,MOINS D'IMPÔTS MAINTENANT,MIGUET,5407,PARTI HUMANISTE,CHANUT,3,POLITIQUE POUR L'EUROPE,COTTEN,37,VIVANT ENERGIE FRANCE,MAUDRUX,3638,VIVE LE FEDERALISME,ALLENBACH,0,L'UNION POUR L'EUROPE,SARKOZY,44703,AVEC L'EUROPE,BAYROU,33635,RASSEMBLEMENT POUR LA FRA,PASQUA,43164,FRONT NATIONAL ,LE PEN,18553,EUROPEENS D'ACCORD FRANCA,MEGRET,9080
34,HERAULT,593746,296702,297044,15359,281685,LUTTE OUVRIERE ET LCR,LAGUILLER,13630,BOUGE L'EUROPE,HUE,22315,CONSTRUISONS NOTRE EUROPE,HOLLANDE,59604,"L'ECOLOGIE, LES VERTS",COHN-BENDIT,29348,ECOLOGIE  CHOIX DE LA VIE,WAECHTER,3482, MI OU MI MWEN,JOS,0,"CHASSE, PÊCHE TRADITIONS",SAINT-JOSSE,30670,COMBAT POUR L'EMPLOI,LARROUTUROU,2191,LIGUE NATIONALISTE,GUERRIN,0,LISTE LOI NATURELLE ,FRAPPE,706,MOINS D'IMPÔTS MAINTENANT,MIGUET,3966,PARTI HUMANISTE,CHANUT,0,POLITIQUE POUR L'EUROPE,COTTEN,0,VIVANT ENERGIE FRANCE,MAUDRUX,3159,VIVE LE FEDERALISME,ALLENBACH,0,L'UNION POUR L'EUROPE,SARKOZY,25256,AVEC L'EUROPE,BAYROU,17806,RASSEMBLEMENT POUR LA FRA,PASQUA,39029,FRONT NATIONAL ,LE PEN,17155,EUROPEENS D'ACCORD FRANCA,MEGRET,13368
35,ILLE ET VILAINE,594233,307041,287192,16055,271137,LUTTE OUVRIERE ET LCR,LAGUILLER,15158,BOUGE L'EUROPE,HUE,11265,CONSTRUISONS NOTRE EUROPE,HOLLANDE,63708,"L'ECOLOGIE, LES VERTS",COHN-BENDIT,33965,ECOLOGIE  CHOIX DE LA VIE,WAECHTER,4138, MI OU MI MWEN,JOS,89,"CHASSE, PÊCHE TRADITIONS",SAINT-JOSSE,16952,COMBAT POUR L'EMPLOI,LARROUTUROU,3178,LIGUE NATIONALISTE,GUERRIN,2,LISTE LOI NATURELLE ,FRAPPE,1156,MOINS D'IMPÔTS MAINTENANT,MIGUET,4383,PARTI HUMANISTE,CHANUT,184,POLITIQUE POUR L'EUROPE,COTTEN,22,VIVANT ENERGIE FRANCE,MAUDRUX,1550,VIVE LE FEDERALISME,ALLENBACH,0,L'UNION POUR L'EUROPE,SARKOZY,44039,AVEC L'EUROPE,BAYROU,33805,RASSEMBLEMENT POUR LA FRA,PASQUA,25522,FRONT NATIONAL ,LE PEN,8483,EUROPEENS D'ACCORD FRANCA,MEGRET,3538
36,INDRE,177632,89524,88108,8114,79994,LUTTE OUVRIERE ET LCR,LAGUILLER,3959,BOUGE L'EUROPE,HUE,6482,CONSTRUISONS NOTRE EUROPE,HOLLANDE,18986,"L'ECOLOGIE, LES VERTS",COHN-BENDIT,5559,ECOLOGIE  CHOIX DE LA VIE,WAECHTER,964, MI OU MI MWEN,JOS,83,"CHASSE, PÊCHE TRADITIONS",SAINT-JOSSE,6962,COMBAT POUR L'EMPLOI,LARROUTUROU,846,LIGUE NATIONALISTE,GUERRIN,0,LISTE LOI NATURELLE ,FRAPPE,487,MOINS D'IMPÔTS MAINTENANT,MIGUET,1554,PARTI HUMANISTE,CHANUT,0,POLITIQUE POUR L'EUROPE,COTTEN,1,VIVANT ENERGIE FRANCE,MAUDRUX,555,VIVE LE FEDERALISME,ALLENBACH,0,L'UNION POUR L'EUROPE,SARKOZY,10387,AVEC L'EUROPE,BAYROU,6200,RASSEMBLEMENT POUR LA FRA,PASQUA,10878,FRONT NATIONAL ,LE PEN,4122,EUROPEENS D'ACCORD FRANCA,MEGRET,1969
37,INDRE ET LOIRE ,372052,194591,177461,11564,165897,LUTTE OUVRIERE ET LCR,LAGUILLER,8542,BOUGE L'EUROPE,HUE,9339,CONSTRUISONS NOTRE EUROPE,HOLLANDE,39324,"L'ECOLOGIE, LES VERTS",COHN-BENDIT,16092,ECOLOGIE  CHOIX DE LA VIE,WAECHTER,2497, MI OU MI MWEN,JOS,0,"CHASSE, PÊCHE TRADITIONS",SAINT-JOSSE,11512,COMBAT POUR L'EMPLOI,LARROUTUROU,1680,LIGUE NATIONALISTE,GUERRIN,1,LISTE LOI NATURELLE ,FRAPPE,883,MOINS D'IMPÔTS MAINTENANT,MIGUET,2893,PARTI HUMANISTE,CHANUT,0,POLITIQUE POUR L'EUROPE,COTTEN,20,VIVANT ENERGIE FRANCE,MAUDRUX,1398,VIVE LE FEDERALISME,ALLENBACH,0,L'UNION POUR L'EUROPE,SARKOZY,22409,AVEC L'EUROPE,BAYROU,15980,RASSEMBLEMENT POUR LA FRA,PASQUA,21632,FRONT NATIONAL ,LE PEN,7748,EUROPEENS D'ACCORD FRANCA,MEGRET,3947
38,ISERE,683118,380472,302646,14359,288287,LUTTE OUVRIERE ET LCR,LAGUILLER,16430,BOUGE L'EUROPE,HUE,21616,CONSTRUISONS NOTRE EUROPE,HOLLANDE,67441,"L'ECOLOGIE, LES VERTS",COHN-BENDIT,35425,ECOLOGIE  CHOIX DE LA VIE,WAECHTER,4482, MI OU MI MWEN,JOS,54,"CHASSE, PÊCHE TRADITIONS",SAINT-JOSSE,14288,COMBAT POUR L'EMPLOI,LARROUTUROU,3168,LIGUE NATIONALISTE,GUERRIN,15,LISTE LOI NATURELLE ,FRAPPE,980,MOINS D'IMPÔTS MAINTENANT,MIGUET,4448,PARTI HUMANISTE,CHANUT,19,POLITIQUE POUR L'EUROPE,COTTEN,35,VIVANT ENERGIE FRANCE,MAUDRUX,2780,VIVE LE FEDERALISME,ALLENBACH,0,L'UNION POUR L'EUROPE,SARKOZY,31094,AVEC L'EUROPE,BAYROU,24764,RASSEMBLEMENT POUR LA FRA,PASQUA,35200,FRONT NATIONAL ,LE PEN,15133,EUROPEENS D'ACCORD FRANCA,MEGRET,10915
39,JURA,177780,90337,87443,6652,80791,LUTTE OUVRIERE ET LCR,LAGUILLER,4090,BOUGE L'EUROPE,HUE,4842,CONSTRUISONS NOTRE EUROPE,HOLLANDE,16329,"L'ECOLOGIE, LES VERTS",COHN-BENDIT,9894,ECOLOGIE  CHOIX DE LA VIE,WAECHTER,1293, MI OU MI MWEN,JOS,9,"CHASSE, PÊCHE TRADITIONS",SAINT-JOSSE,5153,COMBAT POUR L'EMPLOI,LARROUTUROU,575,LIGUE NATIONALISTE,GUERRIN,0,LISTE LOI NATURELLE ,FRAPPE,366,MOINS D'IMPÔTS MAINTENANT,MIGUET,1515,PARTI HUMANISTE,CHANUT,2,POLITIQUE POUR L'EUROPE,COTTEN,3,VIVANT ENERGIE FRANCE,MAUDRUX,954,VIVE LE FEDERALISME,ALLENBACH,0,L'UNION POUR L'EUROPE,SARKOZY,11044,AVEC L'EUROPE,BAYROU,7895,RASSEMBLEMENT POUR LA FRA,PASQUA,10178,FRONT NATIONAL ,LE PEN,4093,EUROPEENS D'ACCORD FRANCA,MEGRET,2556
40,LANDES,250124,115141,134983,8634,126349,LUTTE OUVRIERE ET LCR,LAGUILLER,4501,BOUGE L'EUROPE,HUE,9309,CONSTRUISONS NOTRE EUROPE,HOLLANDE,36086,"L'ECOLOGIE, LES VERTS",COHN-BENDIT,7291,ECOLOGIE  CHOIX DE LA VIE,WAECHTER,1052, MI OU MI MWEN,JOS,1,"CHASSE, PÊCHE TRADITIONS",SAINT-JOSSE,20444,COMBAT POUR L'EMPLOI,LARROUTUROU,1253,LIGUE NATIONALISTE,GUERRIN,4,LISTE LOI NATURELLE ,FRAPPE,514,MOINS D'IMPÔTS MAINTENANT,MIGUET,1766,PARTI HUMANISTE,CHANUT,20,POLITIQUE POUR L'EUROPE,COTTEN,8,VIVANT ENERGIE FRANCE,MAUDRUX,863,VIVE LE FEDERALISME,ALLENBACH,0,L'UNION POUR L'EUROPE,SARKOZY,13365,AVEC L'EUROPE,BAYROU,11874,RASSEMBLEMENT POUR LA FRA,PASQUA,11963,FRONT NATIONAL ,LE PEN,3881,EUROPEENS D'ACCORD FRANCA,MEGRET,2154
41,LOIR ET CHER,229522,113174,116348,8526,107822,LUTTE OUVRIERE ET LCR,LAGUILLER,5080,BOUGE L'EUROPE,HUE,6770,CONSTRUISONS NOTRE EUROPE,HOLLANDE,22453,"L'ECOLOGIE, LES VERTS",COHN-BENDIT,8566,ECOLOGIE  CHOIX DE LA VIE,WAECHTER,1387, MI OU MI MWEN,JOS,0,"CHASSE, PÊCHE TRADITIONS",SAINT-JOSSE,12894,COMBAT POUR L'EMPLOI,LARROUTUROU,1068,LIGUE NATIONALISTE,GUERRIN,0,LISTE LOI NATURELLE ,FRAPPE,574,MOINS D'IMPÔTS MAINTENANT,MIGUET,2007,PARTI HUMANISTE,CHANUT,1,POLITIQUE POUR L'EUROPE,COTTEN,2,VIVANT ENERGIE FRANCE,MAUDRUX,592,VIVE LE FEDERALISME,ALLENBACH,1,L'UNION POUR L'EUROPE,SARKOZY,12254,AVEC L'EUROPE,BAYROU,9500,RASSEMBLEMENT POUR LA FRA,PASQUA,15373,FRONT NATIONAL ,LE PEN,6243,EUROPEENS D'ACCORD FRANCA,MEGRET,3057
42,LOIRE,480953,276548,204405,12182,192223,LUTTE OUVRIERE ET LCR,LAGUILLER,9976,BOUGE L'EUROPE,HUE,13840,CONSTRUISONS NOTRE EUROPE,HOLLANDE,39132,"L'ECOLOGIE, LES VERTS",COHN-BENDIT,16648,ECOLOGIE  CHOIX DE LA VIE,WAECHTER,2911, MI OU MI MWEN,JOS,42,"CHASSE, PÊCHE TRADITIONS",SAINT-JOSSE,7952,COMBAT POUR L'EMPLOI,LARROUTUROU,1799,LIGUE NATIONALISTE,GUERRIN,9,LISTE LOI NATURELLE ,FRAPPE,677,MOINS D'IMPÔTS MAINTENANT,MIGUET,3052,PARTI HUMANISTE,CHANUT,0,POLITIQUE POUR L'EUROPE,COTTEN,8,VIVANT ENERGIE FRANCE,MAUDRUX,1404,VIVE LE FEDERALISME,ALLENBACH,0,L'UNION POUR L'EUROPE,SARKOZY,24485,AVEC L'EUROPE,BAYROU,19062,RASSEMBLEMENT POUR LA FRA,PASQUA,29378,FRONT NATIONAL ,LE PEN,13559,EUROPEENS D'ACCORD FRANCA,MEGRET,8289
43,HAUTE LOIRE,161992,84904,77088,6335,70753,LUTTE OUVRIERE ET LCR,LAGUILLER,3415,BOUGE L'EUROPE,HUE,3480,CONSTRUISONS NOTRE EUROPE,HOLLANDE,14532,"L'ECOLOGIE, LES VERTS",COHN-BENDIT,5612,ECOLOGIE  CHOIX DE LA VIE,WAECHTER,1370, MI OU MI MWEN,JOS,0,"CHASSE, PÊCHE TRADITIONS",SAINT-JOSSE,4076,COMBAT POUR L'EMPLOI,LARROUTUROU,718,LIGUE NATIONALISTE,GUERRIN,0,LISTE LOI NATURELLE ,FRAPPE,384,MOINS D'IMPÔTS MAINTENANT,MIGUET,1151,PARTI HUMANISTE,CHANUT,0,POLITIQUE POUR L'EUROPE,COTTEN,0,VIVANT ENERGIE FRANCE,MAUDRUX,482,VIVE LE FEDERALISME,ALLENBACH,0,L'UNION POUR L'EUROPE,SARKOZY,9727,AVEC L'EUROPE,BAYROU,9225,RASSEMBLEMENT POUR LA FRA,PASQUA,10629,FRONT NATIONAL ,LE PEN,3581,EUROPEENS D'ACCORD FRANCA,MEGRET,2371
44,LOIRE ATLANTIQUE,787257,414067,373190,18490,354700,LUTTE OUVRIERE ET LCR,LAGUILLER,18497,BOUGE L'EUROPE,HUE,17536,CONSTRUISONS NOTRE EUROPE,HOLLANDE,89580,"L'ECOLOGIE, LES VERTS",COHN-BENDIT,41884,ECOLOGIE  CHOIX DE LA VIE,WAECHTER,4986, MI OU MI MWEN,JOS,1,"CHASSE, PÊCHE TRADITIONS",SAINT-JOSSE,25839,COMBAT POUR L'EMPLOI,LARROUTUROU,3819,LIGUE NATIONALISTE,GUERRIN,6,LISTE LOI NATURELLE ,FRAPPE,1167,MOINS D'IMPÔTS MAINTENANT,MIGUET,5490,PARTI HUMANISTE,CHANUT,0,POLITIQUE POUR L'EUROPE,COTTEN,10,VIVANT ENERGIE FRANCE,MAUDRUX,2343,VIVE LE FEDERALISME,ALLENBACH,0,L'UNION POUR L'EUROPE,SARKOZY,42991,AVEC L'EUROPE,BAYROU,38623,RASSEMBLEMENT POUR LA FRA,PASQUA,45188,FRONT NATIONAL ,LE PEN,11346,EUROPEENS D'ACCORD FRANCA,MEGRET,5394
45,LOIRET,401570,200422,201148,11936,189212,LUTTE OUVRIERE ET LCR,LAGUILLER,8631,BOUGE L'EUROPE,HUE,11464,CONSTRUISONS NOTRE EUROPE,HOLLANDE,36848,"L'ECOLOGIE, LES VERTS",COHN-BENDIT,16645,ECOLOGIE  CHOIX DE LA VIE,WAECHTER,2743, MI OU MI MWEN,JOS,4,"CHASSE, PÊCHE TRADITIONS",SAINT-JOSSE,18519,COMBAT POUR L'EMPLOI,LARROUTUROU,1701,LIGUE NATIONALISTE,GUERRIN,20,LISTE LOI NATURELLE ,FRAPPE,850,MOINS D'IMPÔTS MAINTENANT,MIGUET,3788,PARTI HUMANISTE,CHANUT,1,POLITIQUE POUR L'EUROPE,COTTEN,5,VIVANT ENERGIE FRANCE,MAUDRUX,1575,VIVE LE FEDERALISME,ALLENBACH,0,L'UNION POUR L'EUROPE,SARKOZY,24525,AVEC L'EUROPE,BAYROU,17103,RASSEMBLEMENT POUR LA FRA,PASQUA,25697,FRONT NATIONAL ,LE PEN,11437,EUROPEENS D'ACCORD FRANCA,MEGRET,7656
46,LOT,125678,55222,70456,5651,64805,LUTTE OUVRIERE ET LCR,LAGUILLER,3338,BOUGE L'EUROPE,HUE,5341,CONSTRUISONS NOTRE EUROPE,HOLLANDE,17125,"L'ECOLOGIE, LES VERTS",COHN-BENDIT,6026,ECOLOGIE  CHOIX DE LA VIE,WAECHTER,866, MI OU MI MWEN,JOS,7,"CHASSE, PÊCHE TRADITIONS",SAINT-JOSSE,6488,COMBAT POUR L'EMPLOI,LARROUTUROU,528,LIGUE NATIONALISTE,GUERRIN,0,LISTE LOI NATURELLE ,FRAPPE,268,MOINS D'IMPÔTS MAINTENANT,MIGUET,1020,PARTI HUMANISTE,CHANUT,0,POLITIQUE POUR L'EUROPE,COTTEN,49,VIVANT ENERGIE FRANCE,MAUDRUX,542,VIVE LE FEDERALISME,ALLENBACH,0,L'UNION POUR L'EUROPE,SARKOZY,7299,AVEC L'EUROPE,BAYROU,4923,RASSEMBLEMENT POUR LA FRA,PASQUA,8056,FRONT NATIONAL ,LE PEN,1738,EUROPEENS D'ACCORD FRANCA,MEGRET,1191
47,LOT ET GARONNE ,225605,106349,119256,8616,110640,LUTTE OUVRIERE ET LCR,LAGUILLER,4613,BOUGE L'EUROPE,HUE,8521,CONSTRUISONS NOTRE EUROPE,HOLLANDE,23680,"L'ECOLOGIE, LES VERTS",COHN-BENDIT,8334,ECOLOGIE  CHOIX DE LA VIE,WAECHTER,1560, MI OU MI MWEN,JOS,1,"CHASSE, PÊCHE TRADITIONS",SAINT-JOSSE,12414,COMBAT POUR L'EMPLOI,LARROUTUROU,1154,LIGUE NATIONALISTE,GUERRIN,0,LISTE LOI NATURELLE ,FRAPPE,577,MOINS D'IMPÔTS MAINTENANT,MIGUET,1844,PARTI HUMANISTE,CHANUT,0,POLITIQUE POUR L'EUROPE,COTTEN,12,VIVANT ENERGIE FRANCE,MAUDRUX,846,VIVE LE FEDERALISME,ALLENBACH,0,L'UNION POUR L'EUROPE,SARKOZY,10569,AVEC L'EUROPE,BAYROU,11001,RASSEMBLEMENT POUR LA FRA,PASQUA,15121,FRONT NATIONAL ,LE PEN,6464,EUROPEENS D'ACCORD FRANCA,MEGRET,3929
48,LOZERE,58096,26906,31190,2001,29189,LUTTE OUVRIERE ET LCR,LAGUILLER,1177,BOUGE L'EUROPE,HUE,1576,CONSTRUISONS NOTRE EUROPE,HOLLANDE,5293,"L'ECOLOGIE, LES VERTS",COHN-BENDIT,2330,ECOLOGIE  CHOIX DE LA VIE,WAECHTER,326, MI OU MI MWEN,JOS,0,"CHASSE, PÊCHE TRADITIONS",SAINT-JOSSE,2488,COMBAT POUR L'EMPLOI,LARROUTUROU,223,LIGUE NATIONALISTE,GUERRIN,0,LISTE LOI NATURELLE ,FRAPPE,75,MOINS D'IMPÔTS MAINTENANT,MIGUET,390,PARTI HUMANISTE,CHANUT,0,POLITIQUE POUR L'EUROPE,COTTEN,1,VIVANT ENERGIE FRANCE,MAUDRUX,223,VIVE LE FEDERALISME,ALLENBACH,0,L'UNION POUR L'EUROPE,SARKOZY,5901,AVEC L'EUROPE,BAYROU,2880,RASSEMBLEMENT POUR LA FRA,PASQUA,4725,FRONT NATIONAL ,LE PEN,925,EUROPEENS D'ACCORD FRANCA,MEGRET,656
49,MAINE ET LOIRE ,497931,258264,239667,18834,220833,LUTTE OUVRIERE ET LCR,LAGUILLER,9753,BOUGE L'EUROPE,HUE,8396,CONSTRUISONS NOTRE EUROPE,HOLLANDE,45527,"L'ECOLOGIE, LES VERTS",COHN-BENDIT,22262,ECOLOGIE  CHOIX DE LA VIE,WAECHTER,3144, MI OU MI MWEN,JOS,10,"CHASSE, PÊCHE TRADITIONS",SAINT-JOSSE,18095,COMBAT POUR L'EMPLOI,LARROUTUROU,2446,LIGUE NATIONALISTE,GUERRIN,3,LISTE LOI NATURELLE ,FRAPPE,1247,MOINS D'IMPÔTS MAINTENANT,MIGUET,4036,PARTI HUMANISTE,CHANUT,88,POLITIQUE POUR L'EUROPE,COTTEN,11,VIVANT ENERGIE FRANCE,MAUDRUX,2061,VIVE LE FEDERALISME,ALLENBACH,0,L'UNION POUR L'EUROPE,SARKOZY,27307,AVEC L'EUROPE,BAYROU,33051,RASSEMBLEMENT POUR LA FRA,PASQUA,31525,FRONT NATIONAL ,LE PEN,8151,EUROPEENS D'ACCORD FRANCA,MEGRET,3720
50,MANCHE,354043,180730,173313,10752,162561,LUTTE OUVRIERE ET LCR,LAGUILLER,7364,BOUGE L'EUROPE,HUE,5901,CONSTRUISONS NOTRE EUROPE,HOLLANDE,30047,"L'ECOLOGIE, LES VERTS",COHN-BENDIT,12438,ECOLOGIE  CHOIX DE LA VIE,WAECHTER,2016, MI OU MI MWEN,JOS,0,"CHASSE, PÊCHE TRADITIONS",SAINT-JOSSE,26644,COMBAT POUR L'EMPLOI,LARROUTUROU,1843,LIGUE NATIONALISTE,GUERRIN,275,LISTE LOI NATURELLE ,FRAPPE,948,MOINS D'IMPÔTS MAINTENANT,MIGUET,2821,PARTI HUMANISTE,CHANUT,0,POLITIQUE POUR L'EUROPE,COTTEN,9,VIVANT ENERGIE FRANCE,MAUDRUX,1101,VIVE LE FEDERALISME,ALLENBACH,0,L'UNION POUR L'EUROPE,SARKOZY,23305,AVEC L'EUROPE,BAYROU,17019,RASSEMBLEMENT POUR LA FRA,PASQUA,20871,FRONT NATIONAL ,LE PEN,7280,EUROPEENS D'ACCORD FRANCA,MEGRET,2679
51,MARNE,368422,210139,158283,8783,149500,LUTTE OUVRIERE ET LCR,LAGUILLER,7870,BOUGE L'EUROPE,HUE,8138,CONSTRUISONS NOTRE EUROPE,HOLLANDE,29060,"L'ECOLOGIE, LES VERTS",COHN-BENDIT,13431,ECOLOGIE  CHOIX DE LA VIE,WAECHTER,2574, MI OU MI MWEN,JOS,103,"CHASSE, PÊCHE TRADITIONS",SAINT-JOSSE,8279,COMBAT POUR L'EMPLOI,LARROUTUROU,1488,LIGUE NATIONALISTE,GUERRIN,4,LISTE LOI NATURELLE ,FRAPPE,660,MOINS D'IMPÔTS MAINTENANT,MIGUET,2908,PARTI HUMANISTE,CHANUT,1,POLITIQUE POUR L'EUROPE,COTTEN,12,VIVANT ENERGIE FRANCE,MAUDRUX,870,VIVE LE FEDERALISME,ALLENBACH,0,L'UNION POUR L'EUROPE,SARKOZY,22415,AVEC L'EUROPE,BAYROU,15333,RASSEMBLEMENT POUR LA FRA,PASQUA,20781,FRONT NATIONAL ,LE PEN,10242,EUROPEENS D'ACCORD FRANCA,MEGRET,5331
52,HAUTE MARNE,144292,78470,65822,5338,60484,LUTTE OUVRIERE ET LCR,LAGUILLER,3331,BOUGE L'EUROPE,HUE,2952,CONSTRUISONS NOTRE EUROPE,HOLLANDE,11832,"L'ECOLOGIE, LES VERTS",COHN-BENDIT,4819,ECOLOGIE  CHOIX DE LA VIE,WAECHTER,967, MI OU MI MWEN,JOS,20,"CHASSE, PÊCHE TRADITIONS",SAINT-JOSSE,4963,COMBAT POUR L'EMPLOI,LARROUTUROU,615,LIGUE NATIONALISTE,GUERRIN,0,LISTE LOI NATURELLE ,FRAPPE,389,MOINS D'IMPÔTS MAINTENANT,MIGUET,1193,PARTI HUMANISTE,CHANUT,2,POLITIQUE POUR L'EUROPE,COTTEN,0,VIVANT ENERGIE FRANCE,MAUDRUX,661,VIVE LE FEDERALISME,ALLENBACH,0,L'UNION POUR L'EUROPE,SARKOZY,8644,AVEC L'EUROPE,BAYROU,4807,RASSEMBLEMENT POUR LA FRA,PASQUA,8290,FRONT NATIONAL ,LE PEN,4935,EUROPEENS D'ACCORD FRANCA,MEGRET,2064
53,MAYENNE,211342,112635,98707,9655,89052,LUTTE OUVRIERE ET LCR,LAGUILLER,3564,BOUGE L'EUROPE,HUE,2710,CONSTRUISONS NOTRE EUROPE,HOLLANDE,19592,"L'ECOLOGIE, LES VERTS",COHN-BENDIT,8530,ECOLOGIE  CHOIX DE LA VIE,WAECHTER,1521, MI OU MI MWEN,JOS,0,"CHASSE, PÊCHE TRADITIONS",SAINT-JOSSE,4020,COMBAT POUR L'EMPLOI,LARROUTUROU,1263,LIGUE NATIONALISTE,GUERRIN,5,LISTE LOI NATURELLE ,FRAPPE,553,MOINS D'IMPÔTS MAINTENANT,MIGUET,1754,PARTI HUMANISTE,CHANUT,0,POLITIQUE POUR L'EUROPE,COTTEN,4,VIVANT ENERGIE FRANCE,MAUDRUX,717,VIVE LE FEDERALISME,ALLENBACH,0,L'UNION POUR L'EUROPE,SARKOZY,15237,AVEC L'EUROPE,BAYROU,12334,RASSEMBLEMENT POUR LA FRA,PASQUA,12580,FRONT NATIONAL ,LE PEN,3287,EUROPEENS D'ACCORD FRANCA,MEGRET,1381
54,MEURTHE ET MOSELLE,469980,267670,202310,11268,191042,LUTTE OUVRIERE ET LCR,LAGUILLER,12330,BOUGE L'EUROPE,HUE,13411,CONSTRUISONS NOTRE EUROPE,HOLLANDE,44083,"L'ECOLOGIE, LES VERTS",COHN-BENDIT,19114,ECOLOGIE  CHOIX DE LA VIE,WAECHTER,3540, MI OU MI MWEN,JOS,77,"CHASSE, PÊCHE TRADITIONS",SAINT-JOSSE,6728,COMBAT POUR L'EMPLOI,LARROUTUROU,1956,LIGUE NATIONALISTE,GUERRIN,0,LISTE LOI NATURELLE ,FRAPPE,717,MOINS D'IMPÔTS MAINTENANT,MIGUET,3596,PARTI HUMANISTE,CHANUT,0,POLITIQUE POUR L'EUROPE,COTTEN,2,VIVANT ENERGIE FRANCE,MAUDRUX,1524,VIVE LE FEDERALISME,ALLENBACH,0,L'UNION POUR L'EUROPE,SARKOZY,21121,AVEC L'EUROPE,BAYROU,18844,RASSEMBLEMENT POUR LA FRA,PASQUA,25483,FRONT NATIONAL ,LE PEN,12316,EUROPEENS D'ACCORD FRANCA,MEGRET,6200
55,MEUSE,139781,73103,66678,5084,61594,LUTTE OUVRIERE ET LCR,LAGUILLER,3083,BOUGE L'EUROPE,HUE,2468,CONSTRUISONS NOTRE EUROPE,HOLLANDE,12524,"L'ECOLOGIE, LES VERTS",COHN-BENDIT,4963,ECOLOGIE  CHOIX DE LA VIE,WAECHTER,1142, MI OU MI MWEN,JOS,0,"CHASSE, PÊCHE TRADITIONS",SAINT-JOSSE,4607,COMBAT POUR L'EMPLOI,LARROUTUROU,591,LIGUE NATIONALISTE,GUERRIN,0,LISTE LOI NATURELLE ,FRAPPE,349,MOINS D'IMPÔTS MAINTENANT,MIGUET,1165,PARTI HUMANISTE,CHANUT,0,POLITIQUE POUR L'EUROPE,COTTEN,4,VIVANT ENERGIE FRANCE,MAUDRUX,278,VIVE LE FEDERALISME,ALLENBACH,0,L'UNION POUR L'EUROPE,SARKOZY,7210,AVEC L'EUROPE,BAYROU,7724,RASSEMBLEMENT POUR LA FRA,PASQUA,8794,FRONT NATIONAL ,LE PEN,4365,EUROPEENS D'ACCORD FRANCA,MEGRET,2327
56,MORBIHAN,482709,244867,237842,13609,224233,LUTTE OUVRIERE ET LCR,LAGUILLER,10354,BOUGE L'EUROPE,HUE,11518,CONSTRUISONS NOTRE EUROPE,HOLLANDE,49685,"L'ECOLOGIE, LES VERTS",COHN-BENDIT,23047,ECOLOGIE  CHOIX DE LA VIE,WAECHTER,3462, MI OU MI MWEN,JOS,69,"CHASSE, PÊCHE TRADITIONS",SAINT-JOSSE,16459,COMBAT POUR L'EMPLOI,LARROUTUROU,2430,LIGUE NATIONALISTE,GUERRIN,5,LISTE LOI NATURELLE ,FRAPPE,1102,MOINS D'IMPÔTS MAINTENANT,MIGUET,4211,PARTI HUMANISTE,CHANUT,1,POLITIQUE POUR L'EUROPE,COTTEN,19,VIVANT ENERGIE FRANCE,MAUDRUX,1492,VIVE LE FEDERALISME,ALLENBACH,0,L'UNION POUR L'EUROPE,SARKOZY,36962,AVEC L'EUROPE,BAYROU,24081,RASSEMBLEMENT POUR LA FRA,PASQUA,24390,FRONT NATIONAL ,LE PEN,11339,EUROPEENS D'ACCORD FRANCA,MEGRET,3607
57,MOSELLE,703206,432009,271197,18473,252724,LUTTE OUVRIERE ET LCR,LAGUILLER,15810,BOUGE L'EUROPE,HUE,10752,CONSTRUISONS NOTRE EUROPE,HOLLANDE,53337,"L'ECOLOGIE, LES VERTS",COHN-BENDIT,26383,ECOLOGIE  CHOIX DE LA VIE,WAECHTER,5641, MI OU MI MWEN,JOS,13,"CHASSE, PÊCHE TRADITIONS",SAINT-JOSSE,5316,COMBAT POUR L'EMPLOI,LARROUTUROU,3086,LIGUE NATIONALISTE,GUERRIN,0,LISTE LOI NATURELLE ,FRAPPE,1359,MOINS D'IMPÔTS MAINTENANT,MIGUET,5656,PARTI HUMANISTE,CHANUT,0,POLITIQUE POUR L'EUROPE,COTTEN,0,VIVANT ENERGIE FRANCE,MAUDRUX,1747,VIVE LE FEDERALISME,ALLENBACH,0,L'UNION POUR L'EUROPE,SARKOZY,32963,AVEC L'EUROPE,BAYROU,25873,RASSEMBLEMENT POUR LA FRA,PASQUA,31238,FRONT NATIONAL ,LE PEN,22410,EUROPEENS D'ACCORD FRANCA,MEGRET,11140
58,NIEVRE,172172,89934,82238,6160,76078,LUTTE OUVRIERE ET LCR,LAGUILLER,3832,BOUGE L'EUROPE,HUE,7872,CONSTRUISONS NOTRE EUROPE,HOLLANDE,21815,"L'ECOLOGIE, LES VERTS",COHN-BENDIT,5359,ECOLOGIE  CHOIX DE LA VIE,WAECHTER,907, MI OU MI MWEN,JOS,0,"CHASSE, PÊCHE TRADITIONS",SAINT-JOSSE,5017,COMBAT POUR L'EMPLOI,LARROUTUROU,672,LIGUE NATIONALISTE,GUERRIN,0,LISTE LOI NATURELLE ,FRAPPE,386,MOINS D'IMPÔTS MAINTENANT,MIGUET,1228,PARTI HUMANISTE,CHANUT,1,POLITIQUE POUR L'EUROPE,COTTEN,13,VIVANT ENERGIE FRANCE,MAUDRUX,415,VIVE LE FEDERALISME,ALLENBACH,0,L'UNION POUR L'EUROPE,SARKOZY,8612,AVEC L'EUROPE,BAYROU,5245,RASSEMBLEMENT POUR LA FRA,PASQUA,9017,FRONT NATIONAL ,LE PEN,3934,EUROPEENS D'ACCORD FRANCA,MEGRET,1753
59,NORD,1695850,894017,801833,51604,750229,LUTTE OUVRIERE ET LCR,LAGUILLER,49361,BOUGE L'EUROPE,HUE,68670,CONSTRUISONS NOTRE EUROPE,HOLLANDE,160746,"L'ECOLOGIE, LES VERTS",COHN-BENDIT,61652,ECOLOGIE  CHOIX DE LA VIE,WAECHTER,13216, MI OU MI MWEN,JOS,213,"CHASSE, PÊCHE TRADITIONS",SAINT-JOSSE,51269,COMBAT POUR L'EMPLOI,LARROUTUROU,10929,LIGUE NATIONALISTE,GUERRIN,18,LISTE LOI NATURELLE ,FRAPPE,3099,MOINS D'IMPÔTS MAINTENANT,MIGUET,14248,PARTI HUMANISTE,CHANUT,45,POLITIQUE POUR L'EUROPE,COTTEN,107,VIVANT ENERGIE FRANCE,MAUDRUX,5053,VIVE LE FEDERALISME,ALLENBACH,0,L'UNION POUR L'EUROPE,SARKOZY,80786,AVEC L'EUROPE,BAYROU,61731,RASSEMBLEMENT POUR LA FRA,PASQUA,86088,FRONT NATIONAL ,LE PEN,60415,EUROPEENS D'ACCORD FRANCA,MEGRET,22583
60,OISE,497801,258929,238872,14372,224500,LUTTE OUVRIERE ET LCR,LAGUILLER,14652,BOUGE L'EUROPE,HUE,15052,CONSTRUISONS NOTRE EUROPE,HOLLANDE,44266,"L'ECOLOGIE, LES VERTS",COHN-BENDIT,19124,ECOLOGIE  CHOIX DE LA VIE,WAECHTER,3923, MI OU MI MWEN,JOS,0,"CHASSE, PÊCHE TRADITIONS",SAINT-JOSSE,13247,COMBAT POUR L'EMPLOI,LARROUTUROU,2773,LIGUE NATIONALISTE,GUERRIN,27,LISTE LOI NATURELLE ,FRAPPE,1063,MOINS D'IMPÔTS MAINTENANT,MIGUET,4457,PARTI HUMANISTE,CHANUT,20,POLITIQUE POUR L'EUROPE,COTTEN,8,VIVANT ENERGIE FRANCE,MAUDRUX,1638,VIVE LE FEDERALISME,ALLENBACH,0,L'UNION POUR L'EUROPE,SARKOZY,26260,AVEC L'EUROPE,BAYROU,15691,RASSEMBLEMENT POUR LA FRA,PASQUA,30301,FRONT NATIONAL ,LE PEN,22173,EUROPEENS D'ACCORD FRANCA,MEGRET,9825
61,ORNE,213404,108307,105097,7089,98008,LUTTE OUVRIERE ET LCR,LAGUILLER,4726,BOUGE L'EUROPE,HUE,3605,CONSTRUISONS NOTRE EUROPE,HOLLANDE,18365,"L'ECOLOGIE, LES VERTS",COHN-BENDIT,8339,ECOLOGIE  CHOIX DE LA VIE,WAECHTER,1502, MI OU MI MWEN,JOS,18,"CHASSE, PÊCHE TRADITIONS",SAINT-JOSSE,9822,COMBAT POUR L'EMPLOI,LARROUTUROU,1123,LIGUE NATIONALISTE,GUERRIN,24,LISTE LOI NATURELLE ,FRAPPE,611,MOINS D'IMPÔTS MAINTENANT,MIGUET,2003,PARTI HUMANISTE,CHANUT,2,POLITIQUE POUR L'EUROPE,COTTEN,2,VIVANT ENERGIE FRANCE,MAUDRUX,692,VIVE LE FEDERALISME,ALLENBACH,0,L'UNION POUR L'EUROPE,SARKOZY,14756,AVEC L'EUROPE,BAYROU,10534,RASSEMBLEMENT POUR LA FRA,PASQUA,13567,FRONT NATIONAL ,LE PEN,6055,EUROPEENS D'ACCORD FRANCA,MEGRET,2262
62,PAS DE CALAIS,1033441,524854,508587,38238,470349,LUTTE OUVRIERE ET LCR,LAGUILLER,33972,BOUGE L'EUROPE,HUE,45073,CONSTRUISONS NOTRE EUROPE,HOLLANDE,109617,"L'ECOLOGIE, LES VERTS",COHN-BENDIT,31685,ECOLOGIE  CHOIX DE LA VIE,WAECHTER,7590, MI OU MI MWEN,JOS,141,"CHASSE, PÊCHE TRADITIONS",SAINT-JOSSE,55866,COMBAT POUR L'EMPLOI,LARROUTUROU,8483,LIGUE NATIONALISTE,GUERRIN,18,LISTE LOI NATURELLE ,FRAPPE,2492,MOINS D'IMPÔTS MAINTENANT,MIGUET,8885,PARTI HUMANISTE,CHANUT,30,POLITIQUE POUR L'EUROPE,COTTEN,20,VIVANT ENERGIE FRANCE,MAUDRUX,2917,VIVE LE FEDERALISME,ALLENBACH,0,L'UNION POUR L'EUROPE,SARKOZY,44039,AVEC L'EUROPE,BAYROU,27198,RASSEMBLEMENT POUR LA FRA,PASQUA,49286,FRONT NATIONAL ,LE PEN,31768,EUROPEENS D'ACCORD FRANCA,MEGRET,11269
63,PUY DE DOME,418129,216860,201269,14499,186770,LUTTE OUVRIERE ET LCR,LAGUILLER,11930,BOUGE L'EUROPE,HUE,13374,CONSTRUISONS NOTRE EUROPE,HOLLANDE,50190,"L'ECOLOGIE, LES VERTS",COHN-BENDIT,17024,ECOLOGIE  CHOIX DE LA VIE,WAECHTER,2750, MI OU MI MWEN,JOS,43,"CHASSE, PÊCHE TRADITIONS",SAINT-JOSSE,7619,COMBAT POUR L'EMPLOI,LARROUTUROU,1863,LIGUE NATIONALISTE,GUERRIN,1,LISTE LOI NATURELLE ,FRAPPE,544,MOINS D'IMPÔTS MAINTENANT,MIGUET,2883,PARTI HUMANISTE,CHANUT,9,POLITIQUE POUR L'EUROPE,COTTEN,63,VIVANT ENERGIE FRANCE,MAUDRUX,1427,VIVE LE FEDERALISME,ALLENBACH,0,L'UNION POUR L'EUROPE,SARKOZY,23042,AVEC L'EUROPE,BAYROU,19047,RASSEMBLEMENT POUR LA FRA,PASQUA,24348,FRONT NATIONAL ,LE PEN,6617,EUROPEENS D'ACCORD FRANCA,MEGRET,3996
64,PYRENEES ATLANTIQUES,441431,210653,230778,13236,217542,LUTTE OUVRIERE ET LCR,LAGUILLER,10357,BOUGE L'EUROPE,HUE,11376,CONSTRUISONS NOTRE EUROPE,HOLLANDE,49539,"L'ECOLOGIE, LES VERTS",COHN-BENDIT,18830,ECOLOGIE  CHOIX DE LA VIE,WAECHTER,2518, MI OU MI MWEN,JOS,12,"CHASSE, PÊCHE TRADITIONS",SAINT-JOSSE,23891,COMBAT POUR L'EMPLOI,LARROUTUROU,3087,LIGUE NATIONALISTE,GUERRIN,0,LISTE LOI NATURELLE ,FRAPPE,732,MOINS D'IMPÔTS MAINTENANT,MIGUET,3125,PARTI HUMANISTE,CHANUT,1,POLITIQUE POUR L'EUROPE,COTTEN,92,VIVANT ENERGIE FRANCE,MAUDRUX,931,VIVE LE FEDERALISME,ALLENBACH,0,L'UNION POUR L'EUROPE,SARKOZY,20643,AVEC L'EUROPE,BAYROU,40064,RASSEMBLEMENT POUR LA FRA,PASQUA,21549,FRONT NATIONAL ,LE PEN,6903,EUROPEENS D'ACCORD FRANCA,MEGRET,3892
65,HAUTES PYRENEES,169976,80817,89159,6096,83063,LUTTE OUVRIERE ET LCR,LAGUILLER,4418,BOUGE L'EUROPE,HUE,7374,CONSTRUISONS NOTRE EUROPE,HOLLANDE,21173,"L'ECOLOGIE, LES VERTS",COHN-BENDIT,6336,ECOLOGIE  CHOIX DE LA VIE,WAECHTER,919, MI OU MI MWEN,JOS,0,"CHASSE, PÊCHE TRADITIONS",SAINT-JOSSE,10516,COMBAT POUR L'EMPLOI,LARROUTUROU,766,LIGUE NATIONALISTE,GUERRIN,0,LISTE LOI NATURELLE ,FRAPPE,321,MOINS D'IMPÔTS MAINTENANT,MIGUET,1415,PARTI HUMANISTE,CHANUT,0,POLITIQUE POUR L'EUROPE,COTTEN,107,VIVANT ENERGIE FRANCE,MAUDRUX,512,VIVE LE FEDERALISME,ALLENBACH,0,L'UNION POUR L'EUROPE,SARKOZY,6711,AVEC L'EUROPE,BAYROU,10101,RASSEMBLEMENT POUR LA FRA,PASQUA,8458,FRONT NATIONAL ,LE PEN,2550,EUROPEENS D'ACCORD FRANCA,MEGRET,1386
66,PYRENEES ORIENTALES,273009,137563,135446,7421,128025,LUTTE OUVRIERE ET LCR,LAGUILLER,5933,BOUGE L'EUROPE,HUE,11135,CONSTRUISONS NOTRE EUROPE,HOLLANDE,27324,"L'ECOLOGIE, LES VERTS",COHN-BENDIT,9670,ECOLOGIE  CHOIX DE LA VIE,WAECHTER,1811, MI OU MI MWEN,JOS,7,"CHASSE, PÊCHE TRADITIONS",SAINT-JOSSE,11572,COMBAT POUR L'EMPLOI,LARROUTUROU,987,LIGUE NATIONALISTE,GUERRIN,0,LISTE LOI NATURELLE ,FRAPPE,433,MOINS D'IMPÔTS MAINTENANT,MIGUET,1979,PARTI HUMANISTE,CHANUT,0,POLITIQUE POUR L'EUROPE,COTTEN,5,VIVANT ENERGIE FRANCE,MAUDRUX,1024,VIVE LE FEDERALISME,ALLENBACH,0,L'UNION POUR L'EUROPE,SARKOZY,12676,AVEC L'EUROPE,BAYROU,10578,RASSEMBLEMENT POUR LA FRA,PASQUA,17994,FRONT NATIONAL ,LE PEN,9218,EUROPEENS D'ACCORD FRANCA,MEGRET,5679
67,BAS RHIN,664476,380430,284046,19313,264733,LUTTE OUVRIERE ET LCR,LAGUILLER,12696,BOUGE L'EUROPE,HUE,5438,CONSTRUISONS NOTRE EUROPE,HOLLANDE,44609,"L'ECOLOGIE, LES VERTS",COHN-BENDIT,33143,ECOLOGIE  CHOIX DE LA VIE,WAECHTER,8955, MI OU MI MWEN,JOS,29,"CHASSE, PÊCHE TRADITIONS",SAINT-JOSSE,4227,COMBAT POUR L'EMPLOI,LARROUTUROU,2644,LIGUE NATIONALISTE,GUERRIN,0,LISTE LOI NATURELLE ,FRAPPE,1590,MOINS D'IMPÔTS MAINTENANT,MIGUET,6478,PARTI HUMANISTE,CHANUT,0,POLITIQUE POUR L'EUROPE,COTTEN,11,VIVANT ENERGIE FRANCE,MAUDRUX,1773,VIVE LE FEDERALISME,ALLENBACH,0,L'UNION POUR L'EUROPE,SARKOZY,39330,AVEC L'EUROPE,BAYROU,42785,RASSEMBLEMENT POUR LA FRA,PASQUA,27024,FRONT NATIONAL ,LE PEN,23465,EUROPEENS D'ACCORD FRANCA,MEGRET,10536
68,HAUT RHIN,468114,268544,199570,14126,185444,LUTTE OUVRIERE ET LCR,LAGUILLER,8985,BOUGE L'EUROPE,HUE,4424,CONSTRUISONS NOTRE EUROPE,HOLLANDE,33554,"L'ECOLOGIE, LES VERTS",COHN-BENDIT,21475,ECOLOGIE  CHOIX DE LA VIE,WAECHTER,9203, MI OU MI MWEN,JOS,39,"CHASSE, PÊCHE TRADITIONS",SAINT-JOSSE,2735,COMBAT POUR L'EMPLOI,LARROUTUROU,1768,LIGUE NATIONALISTE,GUERRIN,0,LISTE LOI NATURELLE ,FRAPPE,984,MOINS D'IMPÔTS MAINTENANT,MIGUET,4444,PARTI HUMANISTE,CHANUT,0,POLITIQUE POUR L'EUROPE,COTTEN,31,VIVANT ENERGIE FRANCE,MAUDRUX,1363,VIVE LE FEDERALISME,ALLENBACH,0,L'UNION POUR L'EUROPE,SARKOZY,26241,AVEC L'EUROPE,BAYROU,25607,RASSEMBLEMENT POUR LA FRA,PASQUA,19779,FRONT NATIONAL ,LE PEN,14822,EUROPEENS D'ACCORD FRANCA,MEGRET,9990
69,RHONE,907075,495211,411864,16253,395611,LUTTE OUVRIERE ET LCR,LAGUILLER,18853,BOUGE L'EUROPE,HUE,22658,CONSTRUISONS NOTRE EUROPE,HOLLANDE,82289,"L'ECOLOGIE, LES VERTS",COHN-BENDIT,43789,ECOLOGIE  CHOIX DE LA VIE,WAECHTER,6156, MI OU MI MWEN,JOS,71,"CHASSE, PÊCHE TRADITIONS",SAINT-JOSSE,9858,COMBAT POUR L'EMPLOI,LARROUTUROU,2992,LIGUE NATIONALISTE,GUERRIN,1,LISTE LOI NATURELLE ,FRAPPE,882,MOINS D'IMPÔTS MAINTENANT,MIGUET,6216,PARTI HUMANISTE,CHANUT,91,POLITIQUE POUR L'EUROPE,COTTEN,85,VIVANT ENERGIE FRANCE,MAUDRUX,3285,VIVE LE FEDERALISME,ALLENBACH,0,L'UNION POUR L'EUROPE,SARKOZY,51523,AVEC L'EUROPE,BAYROU,45317,RASSEMBLEMENT POUR LA FRA,PASQUA,57864,FRONT NATIONAL ,LE PEN,26028,EUROPEENS D'ACCORD FRANCA,MEGRET,17653
70,HAUTE SAONE,172950,84197,88753,7856,80897,LUTTE OUVRIERE ET LCR,LAGUILLER,4157,BOUGE L'EUROPE,HUE,3863,CONSTRUISONS NOTRE EUROPE,HOLLANDE,18365,"L'ECOLOGIE, LES VERTS",COHN-BENDIT,6440,ECOLOGIE  CHOIX DE LA VIE,WAECHTER,1279, MI OU MI MWEN,JOS,18,"CHASSE, PÊCHE TRADITIONS",SAINT-JOSSE,6620,COMBAT POUR L'EMPLOI,LARROUTUROU,761,LIGUE NATIONALISTE,GUERRIN,0,LISTE LOI NATURELLE ,FRAPPE,452,MOINS D'IMPÔTS MAINTENANT,MIGUET,1519,PARTI HUMANISTE,CHANUT,0,POLITIQUE POUR L'EUROPE,COTTEN,2,VIVANT ENERGIE FRANCE,MAUDRUX,487,VIVE LE FEDERALISME,ALLENBACH,0,L'UNION POUR L'EUROPE,SARKOZY,12310,AVEC L'EUROPE,BAYROU,5860,RASSEMBLEMENT POUR LA FRA,PASQUA,10117,FRONT NATIONAL ,LE PEN,5737,EUROPEENS D'ACCORD FRANCA,MEGRET,2910
71,SAONE ET LOIRE ,398599,222873,175726,13654,162072,LUTTE OUVRIERE ET LCR,LAGUILLER,7660,BOUGE L'EUROPE,HUE,11101,CONSTRUISONS NOTRE EUROPE,HOLLANDE,40429,"L'ECOLOGIE, LES VERTS",COHN-BENDIT,12563,ECOLOGIE  CHOIX DE LA VIE,WAECHTER,1857, MI OU MI MWEN,JOS,0,"CHASSE, PÊCHE TRADITIONS",SAINT-JOSSE,12933,COMBAT POUR L'EMPLOI,LARROUTUROU,1567,LIGUE NATIONALISTE,GUERRIN,0,LISTE LOI NATURELLE ,FRAPPE,721,MOINS D'IMPÔTS MAINTENANT,MIGUET,2881,PARTI HUMANISTE,CHANUT,0,POLITIQUE POUR L'EUROPE,COTTEN,10,VIVANT ENERGIE FRANCE,MAUDRUX,1430,VIVE LE FEDERALISME,ALLENBACH,0,L'UNION POUR L'EUROPE,SARKOZY,22271,AVEC L'EUROPE,BAYROU,14337,RASSEMBLEMENT POUR LA FRA,PASQUA,20406,FRONT NATIONAL ,LE PEN,7183,EUROPEENS D'ACCORD FRANCA,MEGRET,4723
72,SARTHE,380811,212827,167984,13351,154633,LUTTE OUVRIERE ET LCR,LAGUILLER,8991,BOUGE L'EUROPE,HUE,10609,CONSTRUISONS NOTRE EUROPE,HOLLANDE,36678,"L'ECOLOGIE, LES VERTS",COHN-BENDIT,14510,ECOLOGIE  CHOIX DE LA VIE,WAECHTER,2418, MI OU MI MWEN,JOS,73,"CHASSE, PÊCHE TRADITIONS",SAINT-JOSSE,8010,COMBAT POUR L'EMPLOI,LARROUTUROU,1704,LIGUE NATIONALISTE,GUERRIN,0,LISTE LOI NATURELLE ,FRAPPE,1023,MOINS D'IMPÔTS MAINTENANT,MIGUET,2845,PARTI HUMANISTE,CHANUT,0,POLITIQUE POUR L'EUROPE,COTTEN,3,VIVANT ENERGIE FRANCE,MAUDRUX,1126,VIVE LE FEDERALISME,ALLENBACH,0,L'UNION POUR L'EUROPE,SARKOZY,22063,AVEC L'EUROPE,BAYROU,14259,RASSEMBLEMENT POUR LA FRA,PASQUA,19867,FRONT NATIONAL ,LE PEN,7495,EUROPEENS D'ACCORD FRANCA,MEGRET,2959
73,SAVOIE,254187,142527,111660,7180,104480,LUTTE OUVRIERE ET LCR,LAGUILLER,4959,BOUGE L'EUROPE,HUE,6708,CONSTRUISONS NOTRE EUROPE,HOLLANDE,22880,"L'ECOLOGIE, LES VERTS",COHN-BENDIT,11677,ECOLOGIE  CHOIX DE LA VIE,WAECHTER,1824, MI OU MI MWEN,JOS,4,"CHASSE, PÊCHE TRADITIONS",SAINT-JOSSE,4145,COMBAT POUR L'EMPLOI,LARROUTUROU,955,LIGUE NATIONALISTE,GUERRIN,0,LISTE LOI NATURELLE ,FRAPPE,354,MOINS D'IMPÔTS MAINTENANT,MIGUET,1848,PARTI HUMANISTE,CHANUT,5,POLITIQUE POUR L'EUROPE,COTTEN,41,VIVANT ENERGIE FRANCE,MAUDRUX,1096,VIVE LE FEDERALISME,ALLENBACH,0,L'UNION POUR L'EUROPE,SARKOZY,15315,AVEC L'EUROPE,BAYROU,9442,RASSEMBLEMENT POUR LA FRA,PASQUA,14573,FRONT NATIONAL ,LE PEN,4948,EUROPEENS D'ACCORD FRANCA,MEGRET,3706
74,HAUTE SAVOIE,397778,228026,169752,11174,158578,LUTTE OUVRIERE ET LCR,LAGUILLER,6557,BOUGE L'EUROPE,HUE,6627,CONSTRUISONS NOTRE EUROPE,HOLLANDE,29278,"L'ECOLOGIE, LES VERTS",COHN-BENDIT,20938,ECOLOGIE  CHOIX DE LA VIE,WAECHTER,3708, MI OU MI MWEN,JOS,58,"CHASSE, PÊCHE TRADITIONS",SAINT-JOSSE,5335,COMBAT POUR L'EMPLOI,LARROUTUROU,1236,LIGUE NATIONALISTE,GUERRIN,0,LISTE LOI NATURELLE ,FRAPPE,567,MOINS D'IMPÔTS MAINTENANT,MIGUET,3315,PARTI HUMANISTE,CHANUT,0,POLITIQUE POUR L'EUROPE,COTTEN,70,VIVANT ENERGIE FRANCE,MAUDRUX,2045,VIVE LE FEDERALISME,ALLENBACH,0,L'UNION POUR L'EUROPE,SARKOZY,23071,AVEC L'EUROPE,BAYROU,19204,RASSEMBLEMENT POUR LA FRA,PASQUA,22998,FRONT NATIONAL ,LE PEN,8306,EUROPEENS D'ACCORD FRANCA,MEGRET,5265
75,PARIS,1036107,492369,543738,15872,527866,LUTTE OUVRIERE ET LCR,LAGUILLER,27214,BOUGE L'EUROPE,HUE,24756,CONSTRUISONS NOTRE EUROPE,HOLLANDE,106693,"L'ECOLOGIE, LES VERTS",COHN-BENDIT,89812,ECOLOGIE  CHOIX DE LA VIE,WAECHTER,6295, MI OU MI MWEN,JOS,24,"CHASSE, PÊCHE TRADITIONS",SAINT-JOSSE,5166,COMBAT POUR L'EMPLOI,LARROUTUROU,3814,LIGUE NATIONALISTE,GUERRIN,0,LISTE LOI NATURELLE ,FRAPPE,574,MOINS D'IMPÔTS MAINTENANT,MIGUET,8306,PARTI HUMANISTE,CHANUT,1096,POLITIQUE POUR L'EUROPE,COTTEN,113,VIVANT ENERGIE FRANCE,MAUDRUX,2173,VIVE LE FEDERALISME,ALLENBACH,2,L'UNION POUR L'EUROPE,SARKOZY,90804,AVEC L'EUROPE,BAYROU,57314,RASSEMBLEMENT POUR LA FRA,PASQUA,64401,FRONT NATIONAL ,LE PEN,23325,EUROPEENS D'ACCORD FRANCA,MEGRET,15984
76,SEINE MARITIME ,825556,432167,393389,23812,369577,LUTTE OUVRIERE ET LCR,LAGUILLER,25467,BOUGE L'EUROPE,HUE,33321,CONSTRUISONS NOTRE EUROPE,HOLLANDE,84696,"L'ECOLOGIE, LES VERTS",COHN-BENDIT,33923,ECOLOGIE  CHOIX DE LA VIE,WAECHTER,5912, MI OU MI MWEN,JOS,0,"CHASSE, PÊCHE TRADITIONS",SAINT-JOSSE,22171,COMBAT POUR L'EMPLOI,LARROUTUROU,4581,LIGUE NATIONALISTE,GUERRIN,0,LISTE LOI NATURELLE ,FRAPPE,1410,MOINS D'IMPÔTS MAINTENANT,MIGUET,6536,PARTI HUMANISTE,CHANUT,0,POLITIQUE POUR L'EUROPE,COTTEN,0,VIVANT ENERGIE FRANCE,MAUDRUX,2355,VIVE LE FEDERALISME,ALLENBACH,0,L'UNION POUR L'EUROPE,SARKOZY,42175,AVEC L'EUROPE,BAYROU,28911,RASSEMBLEMENT POUR LA FRA,PASQUA,43555,FRONT NATIONAL ,LE PEN,22415,EUROPEENS D'ACCORD FRANCA,MEGRET,12149
77,SEINE ET MARNE ,696251,375736,320515,15392,305123,LUTTE OUVRIERE ET LCR,LAGUILLER,17536,BOUGE L'EUROPE,HUE,20498,CONSTRUISONS NOTRE EUROPE,HOLLANDE,62431,"L'ECOLOGIE, LES VERTS",COHN-BENDIT,32854,ECOLOGIE  CHOIX DE LA VIE,WAECHTER,5441, MI OU MI MWEN,JOS,0,"CHASSE, PÊCHE TRADITIONS",SAINT-JOSSE,12153,COMBAT POUR L'EMPLOI,LARROUTUROU,3002,LIGUE NATIONALISTE,GUERRIN,0,LISTE LOI NATURELLE ,FRAPPE,945,MOINS D'IMPÔTS MAINTENANT,MIGUET,7118,PARTI HUMANISTE,CHANUT,0,POLITIQUE POUR L'EUROPE,COTTEN,0,VIVANT ENERGIE FRANCE,MAUDRUX,2309,VIVE LE FEDERALISME,ALLENBACH,0,L'UNION POUR L'EUROPE,SARKOZY,39016,AVEC L'EUROPE,BAYROU,23962,RASSEMBLEMENT POUR LA FRA,PASQUA,43558,FRONT NATIONAL ,LE PEN,21289,EUROPEENS D'ACCORD FRANCA,MEGRET,13011
78,YVELINES,819043,417952,401091,14689,386402,LUTTE OUVRIERE ET LCR,LAGUILLER,16575,BOUGE L'EUROPE,HUE,18700,CONSTRUISONS NOTRE EUROPE,HOLLANDE,76469,"L'ECOLOGIE, LES VERTS",COHN-BENDIT,45069,ECOLOGIE  CHOIX DE LA VIE,WAECHTER,5943, MI OU MI MWEN,JOS,42,"CHASSE, PÊCHE TRADITIONS",SAINT-JOSSE,10390,COMBAT POUR L'EMPLOI,LARROUTUROU,3485,LIGUE NATIONALISTE,GUERRIN,14,LISTE LOI NATURELLE ,FRAPPE,739,MOINS D'IMPÔTS MAINTENANT,MIGUET,8795,PARTI HUMANISTE,CHANUT,5,POLITIQUE POUR L'EUROPE,COTTEN,89,VIVANT ENERGIE FRANCE,MAUDRUX,2912,VIVE LE FEDERALISME,ALLENBACH,0,L'UNION POUR L'EUROPE,SARKOZY,60783,AVEC L'EUROPE,BAYROU,46506,RASSEMBLEMENT POUR LA FRA,PASQUA,56002,FRONT NATIONAL ,LE PEN,19974,EUROPEENS D'ACCORD FRANCA,MEGRET,13910
79,DEUX SEVRES,261445,135746,125699,10465,115234,LUTTE OUVRIERE ET LCR,LAGUILLER,5201,BOUGE L'EUROPE,HUE,4432,CONSTRUISONS NOTRE EUROPE,HOLLANDE,29842,"L'ECOLOGIE, LES VERTS",COHN-BENDIT,11292,ECOLOGIE  CHOIX DE LA VIE,WAECHTER,1592, MI OU MI MWEN,JOS,1,"CHASSE, PÊCHE TRADITIONS",SAINT-JOSSE,9883,COMBAT POUR L'EMPLOI,LARROUTUROU,1526,LIGUE NATIONALISTE,GUERRIN,0,LISTE LOI NATURELLE ,FRAPPE,656,MOINS D'IMPÔTS MAINTENANT,MIGUET,2087,PARTI HUMANISTE,CHANUT,2,POLITIQUE POUR L'EUROPE,COTTEN,6,VIVANT ENERGIE FRANCE,MAUDRUX,565,VIVE LE FEDERALISME,ALLENBACH,0,L'UNION POUR L'EUROPE,SARKOZY,14006,AVEC L'EUROPE,BAYROU,12987,RASSEMBLEMENT POUR LA FRA,PASQUA,16096,FRONT NATIONAL ,LE PEN,3598,EUROPEENS D'ACCORD FRANCA,MEGRET,1462
80,SOMME,392998,170953,222045,13473,208572,LUTTE OUVRIERE ET LCR,LAGUILLER,11843,BOUGE L'EUROPE,HUE,16649,CONSTRUISONS NOTRE EUROPE,HOLLANDE,33791,"L'ECOLOGIE, LES VERTS",COHN-BENDIT,12343,ECOLOGIE  CHOIX DE LA VIE,WAECHTER,2377, MI OU MI MWEN,JOS,72,"CHASSE, PÊCHE TRADITIONS",SAINT-JOSSE,56422,COMBAT POUR L'EMPLOI,LARROUTUROU,1967,LIGUE NATIONALISTE,GUERRIN,5,LISTE LOI NATURELLE ,FRAPPE,905,MOINS D'IMPÔTS MAINTENANT,MIGUET,3142,PARTI HUMANISTE,CHANUT,18,POLITIQUE POUR L'EUROPE,COTTEN,15,VIVANT ENERGIE FRANCE,MAUDRUX,1057,VIVE LE FEDERALISME,ALLENBACH,0,L'UNION POUR L'EUROPE,SARKOZY,17546,AVEC L'EUROPE,BAYROU,14903,RASSEMBLEMENT POUR LA FRA,PASQUA,19887,FRONT NATIONAL ,LE PEN,11376,EUROPEENS D'ACCORD FRANCA,MEGRET,4254
81,TARN,256670,113909,142761,12283,130478,LUTTE OUVRIERE ET LCR,LAGUILLER,6502,BOUGE L'EUROPE,HUE,8020,CONSTRUISONS NOTRE EUROPE,HOLLANDE,34354,"L'ECOLOGIE, LES VERTS",COHN-BENDIT,10659,ECOLOGIE  CHOIX DE LA VIE,WAECHTER,1904, MI OU MI MWEN,JOS,54,"CHASSE, PÊCHE TRADITIONS",SAINT-JOSSE,10156,COMBAT POUR L'EMPLOI,LARROUTUROU,1500,LIGUE NATIONALISTE,GUERRIN,0,LISTE LOI NATURELLE ,FRAPPE,612,MOINS D'IMPÔTS MAINTENANT,MIGUET,2077,PARTI HUMANISTE,CHANUT,1,POLITIQUE POUR L'EUROPE,COTTEN,6,VIVANT ENERGIE FRANCE,MAUDRUX,1376,VIVE LE FEDERALISME,ALLENBACH,0,L'UNION POUR L'EUROPE,SARKOZY,14986,AVEC L'EUROPE,BAYROU,10416,RASSEMBLEMENT POUR LA FRA,PASQUA,17608,FRONT NATIONAL ,LE PEN,6520,EUROPEENS D'ACCORD FRANCA,MEGRET,3727
82,TARN ET GARONNE,151510,70142,81368,6220,75148,LUTTE OUVRIERE ET LCR,LAGUILLER,3569,BOUGE L'EUROPE,HUE,4237,CONSTRUISONS NOTRE EUROPE,HOLLANDE,17250,"L'ECOLOGIE, LES VERTS",COHN-BENDIT,6167,ECOLOGIE  CHOIX DE LA VIE,WAECHTER,965, MI OU MI MWEN,JOS,0,"CHASSE, PÊCHE TRADITIONS",SAINT-JOSSE,9109,COMBAT POUR L'EMPLOI,LARROUTUROU,748,LIGUE NATIONALISTE,GUERRIN,1,LISTE LOI NATURELLE ,FRAPPE,354,MOINS D'IMPÔTS MAINTENANT,MIGUET,1205,PARTI HUMANISTE,CHANUT,0,POLITIQUE POUR L'EUROPE,COTTEN,0,VIVANT ENERGIE FRANCE,MAUDRUX,619,VIVE LE FEDERALISME,ALLENBACH,0,L'UNION POUR L'EUROPE,SARKOZY,8121,AVEC L'EUROPE,BAYROU,5562,RASSEMBLEMENT POUR LA FRA,PASQUA,10472,FRONT NATIONAL ,LE PEN,4380,EUROPEENS D'ACCORD FRANCA,MEGRET,2389
83,VAR,613499,334369,279130,11535,267595,LUTTE OUVRIERE ET LCR,LAGUILLER,10527,BOUGE L'EUROPE,HUE,16947,CONSTRUISONS NOTRE EUROPE,HOLLANDE,46805,"L'ECOLOGIE, LES VERTS",COHN-BENDIT,20578,ECOLOGIE  CHOIX DE LA VIE,WAECHTER,4232, MI OU MI MWEN,JOS,30,"CHASSE, PÊCHE TRADITIONS",SAINT-JOSSE,19461,COMBAT POUR L'EMPLOI,LARROUTUROU,1938,LIGUE NATIONALISTE,GUERRIN,1,LISTE LOI NATURELLE ,FRAPPE,710,MOINS D'IMPÔTS MAINTENANT,MIGUET,4413,PARTI HUMANISTE,CHANUT,2,POLITIQUE POUR L'EUROPE,COTTEN,11,VIVANT ENERGIE FRANCE,MAUDRUX,1704,VIVE LE FEDERALISME,ALLENBACH,0,L'UNION POUR L'EUROPE,SARKOZY,30829,AVEC L'EUROPE,BAYROU,19114,RASSEMBLEMENT POUR LA FRA,PASQUA,51392,FRONT NATIONAL ,LE PEN,22395,EUROPEENS D'ACCORD FRANCA,MEGRET,16506
84,VAUCLUSE,328575,164024,164551,9122,155429,LUTTE OUVRIERE ET LCR,LAGUILLER,6525,BOUGE L'EUROPE,HUE,9995,CONSTRUISONS NOTRE EUROPE,HOLLANDE,28881,"L'ECOLOGIE, LES VERTS",COHN-BENDIT,14556,ECOLOGIE  CHOIX DE LA VIE,WAECHTER,2540, MI OU MI MWEN,JOS,5,"CHASSE, PÊCHE TRADITIONS",SAINT-JOSSE,12377,COMBAT POUR L'EMPLOI,LARROUTUROU,1218,LIGUE NATIONALISTE,GUERRIN,0,LISTE LOI NATURELLE ,FRAPPE,642,MOINS D'IMPÔTS MAINTENANT,MIGUET,2466,PARTI HUMANISTE,CHANUT,0,POLITIQUE POUR L'EUROPE,COTTEN,42,VIVANT ENERGIE FRANCE,MAUDRUX,1720,VIVE LE FEDERALISME,ALLENBACH,0,L'UNION POUR L'EUROPE,SARKOZY,17660,AVEC L'EUROPE,BAYROU,9598,RASSEMBLEMENT POUR LA FRA,PASQUA,23932,FRONT NATIONAL ,LE PEN,13713,EUROPEENS D'ACCORD FRANCA,MEGRET,9559
85,VENDEE,409614,197929,211685,14471,197214,LUTTE OUVRIERE ET LCR,LAGUILLER,6223,BOUGE L'EUROPE,HUE,6071,CONSTRUISONS NOTRE EUROPE,HOLLANDE,38151,"L'ECOLOGIE, LES VERTS",COHN-BENDIT,14976,ECOLOGIE  CHOIX DE LA VIE,WAECHTER,2385, MI OU MI MWEN,JOS,58,"CHASSE, PÊCHE TRADITIONS",SAINT-JOSSE,15211,COMBAT POUR L'EMPLOI,LARROUTUROU,1928,LIGUE NATIONALISTE,GUERRIN,0,LISTE LOI NATURELLE ,FRAPPE,926,MOINS D'IMPÔTS MAINTENANT,MIGUET,2860,PARTI HUMANISTE,CHANUT,0,POLITIQUE POUR L'EUROPE,COTTEN,9,VIVANT ENERGIE FRANCE,MAUDRUX,1412,VIVE LE FEDERALISME,ALLENBACH,0,L'UNION POUR L'EUROPE,SARKOZY,18689,AVEC L'EUROPE,BAYROU,17793,RASSEMBLEMENT POUR LA FRA,PASQUA,62920,FRONT NATIONAL ,LE PEN,5205,EUROPEENS D'ACCORD FRANCA,MEGRET,2397
86,VIENNE,283754,143320,140434,10222,130212,LUTTE OUVRIERE ET LCR,LAGUILLER,6946,BOUGE L'EUROPE,HUE,7874,CONSTRUISONS NOTRE EUROPE,HOLLANDE,30494,"L'ECOLOGIE, LES VERTS",COHN-BENDIT,13188,ECOLOGIE  CHOIX DE LA VIE,WAECHTER,1683, MI OU MI MWEN,JOS,5,"CHASSE, PÊCHE TRADITIONS",SAINT-JOSSE,12719,COMBAT POUR L'EMPLOI,LARROUTUROU,1658,LIGUE NATIONALISTE,GUERRIN,3,LISTE LOI NATURELLE ,FRAPPE,744,MOINS D'IMPÔTS MAINTENANT,MIGUET,2300,PARTI HUMANISTE,CHANUT,0,POLITIQUE POUR L'EUROPE,COTTEN,5,VIVANT ENERGIE FRANCE,MAUDRUX,884,VIVE LE FEDERALISME,ALLENBACH,0,L'UNION POUR L'EUROPE,SARKOZY,16603,AVEC L'EUROPE,BAYROU,12972,RASSEMBLEMENT POUR LA FRA,PASQUA,14821,FRONT NATIONAL ,LE PEN,4733,EUROPEENS D'ACCORD FRANCA,MEGRET,2580
87,HAUTE VIENNE,260760,120467,140293,13947,126346,LUTTE OUVRIERE ET LCR,LAGUILLER,7713,BOUGE L'EUROPE,HUE,13336,CONSTRUISONS NOTRE EUROPE,HOLLANDE,36801,"L'ECOLOGIE, LES VERTS",COHN-BENDIT,10080,ECOLOGIE  CHOIX DE LA VIE,WAECHTER,1244, MI OU MI MWEN,JOS,8,"CHASSE, PÊCHE TRADITIONS",SAINT-JOSSE,9237,COMBAT POUR L'EMPLOI,LARROUTUROU,1428,LIGUE NATIONALISTE,GUERRIN,2,LISTE LOI NATURELLE ,FRAPPE,478,MOINS D'IMPÔTS MAINTENANT,MIGUET,2305,PARTI HUMANISTE,CHANUT,6,POLITIQUE POUR L'EUROPE,COTTEN,14,VIVANT ENERGIE FRANCE,MAUDRUX,690,VIVE LE FEDERALISME,ALLENBACH,0,L'UNION POUR L'EUROPE,SARKOZY,15097,AVEC L'EUROPE,BAYROU,7306,RASSEMBLEMENT POUR LA FRA,PASQUA,14258,FRONT NATIONAL ,LE PEN,3976,EUROPEENS D'ACCORD FRANCA,MEGRET,2367
88,VOSGES,280904,149446,131458,12474,118984,LUTTE OUVRIERE ET LCR,LAGUILLER,6635,BOUGE L'EUROPE,HUE,4655,CONSTRUISONS NOTRE EUROPE,HOLLANDE,26424,"L'ECOLOGIE, LES VERTS",COHN-BENDIT,9945,ECOLOGIE  CHOIX DE LA VIE,WAECHTER,2141, MI OU MI MWEN,JOS,24,"CHASSE, PÊCHE TRADITIONS",SAINT-JOSSE,6632,COMBAT POUR L'EMPLOI,LARROUTUROU,1446,LIGUE NATIONALISTE,GUERRIN,0,LISTE LOI NATURELLE ,FRAPPE,779,MOINS D'IMPÔTS MAINTENANT,MIGUET,2984,PARTI HUMANISTE,CHANUT,0,POLITIQUE POUR L'EUROPE,COTTEN,3,VIVANT ENERGIE FRANCE,MAUDRUX,770,VIVE LE FEDERALISME,ALLENBACH,0,L'UNION POUR L'EUROPE,SARKOZY,17491,AVEC L'EUROPE,BAYROU,9524,RASSEMBLEMENT POUR LA FRA,PASQUA,15807,FRONT NATIONAL ,LE PEN,9281,EUROPEENS D'ACCORD FRANCA,MEGRET,4443
89,YONNE,232548,121764,110784,7992,102792,LUTTE OUVRIERE ET LCR,LAGUILLER,4779,BOUGE L'EUROPE,HUE,7049,CONSTRUISONS NOTRE EUROPE,HOLLANDE,19215,"L'ECOLOGIE, LES VERTS",COHN-BENDIT,9073,ECOLOGIE  CHOIX DE LA VIE,WAECHTER,1640, MI OU MI MWEN,JOS,18,"CHASSE, PÊCHE TRADITIONS",SAINT-JOSSE,7733,COMBAT POUR L'EMPLOI,LARROUTUROU,864,LIGUE NATIONALISTE,GUERRIN,0,LISTE LOI NATURELLE ,FRAPPE,547,MOINS D'IMPÔTS MAINTENANT,MIGUET,2153,PARTI HUMANISTE,CHANUT,0,POLITIQUE POUR L'EUROPE,COTTEN,33,VIVANT ENERGIE FRANCE,MAUDRUX,676,VIVE LE FEDERALISME,ALLENBACH,0,L'UNION POUR L'EUROPE,SARKOZY,13715,AVEC L'EUROPE,BAYROU,8322,RASSEMBLEMENT POUR LA FRA,PASQUA,15458,FRONT NATIONAL ,LE PEN,7717,EUROPEENS D'ACCORD FRANCA,MEGRET,3800
90,TERRITOIRE DE BELFORT,87798,45825,41973,2912,39061,LUTTE OUVRIERE ET LCR,LAGUILLER,2596,BOUGE L'EUROPE,HUE,1743,CONSTRUISONS NOTRE EUROPE,HOLLANDE,10071,"L'ECOLOGIE, LES VERTS",COHN-BENDIT,3914,ECOLOGIE  CHOIX DE LA VIE,WAECHTER,780, MI OU MI MWEN,JOS,0,"CHASSE, PÊCHE TRADITIONS",SAINT-JOSSE,2158,COMBAT POUR L'EMPLOI,LARROUTUROU,378,LIGUE NATIONALISTE,GUERRIN,0,LISTE LOI NATURELLE ,FRAPPE,55,MOINS D'IMPÔTS MAINTENANT,MIGUET,781,PARTI HUMANISTE,CHANUT,0,POLITIQUE POUR L'EUROPE,COTTEN,0,VIVANT ENERGIE FRANCE,MAUDRUX,249,VIVE LE FEDERALISME,ALLENBACH,0,L'UNION POUR L'EUROPE,SARKOZY,5012,AVEC L'EUROPE,BAYROU,2556,RASSEMBLEMENT POUR LA FRA,PASQUA,4326,FRONT NATIONAL ,LE PEN,2586,EUROPEENS D'ACCORD FRANCA,MEGRET,1856
91,ESSONNE,677084,357709,319375,13437,305938,LUTTE OUVRIERE ET LCR,LAGUILLER,18040,BOUGE L'EUROPE,HUE,22552,CONSTRUISONS NOTRE EUROPE,HOLLANDE,69694,"L'ECOLOGIE, LES VERTS",COHN-BENDIT,38761,ECOLOGIE  CHOIX DE LA VIE,WAECHTER,5143, MI OU MI MWEN,JOS,36,"CHASSE, PÊCHE TRADITIONS",SAINT-JOSSE,7858,COMBAT POUR L'EMPLOI,LARROUTUROU,2721,LIGUE NATIONALISTE,GUERRIN,2,LISTE LOI NATURELLE ,FRAPPE,714,MOINS D'IMPÔTS MAINTENANT,MIGUET,6439,PARTI HUMANISTE,CHANUT,2,POLITIQUE POUR L'EUROPE,COTTEN,78,VIVANT ENERGIE FRANCE,MAUDRUX,1885,VIVE LE FEDERALISME,ALLENBACH,0,L'UNION POUR L'EUROPE,SARKOZY,37305,AVEC L'EUROPE,BAYROU,27486,RASSEMBLEMENT POUR LA FRA,PASQUA,39346,FRONT NATIONAL ,LE PEN,16504,EUROPEENS D'ACCORD FRANCA,MEGRET,11372
92,HAUTS DE SEINE ,800939,403946,396993,13552,383441,LUTTE OUVRIERE ET LCR,LAGUILLER,17597,BOUGE L'EUROPE,HUE,26270,CONSTRUISONS NOTRE EUROPE,HOLLANDE,73926,"L'ECOLOGIE, LES VERTS",COHN-BENDIT,46542,ECOLOGIE  CHOIX DE LA VIE,WAECHTER,5148, MI OU MI MWEN,JOS,34,"CHASSE, PÊCHE TRADITIONS",SAINT-JOSSE,5333,COMBAT POUR L'EMPLOI,LARROUTUROU,2995,LIGUE NATIONALISTE,GUERRIN,8,LISTE LOI NATURELLE ,FRAPPE,588,MOINS D'IMPÔTS MAINTENANT,MIGUET,7510,PARTI HUMANISTE,CHANUT,14,POLITIQUE POUR L'EUROPE,COTTEN,75,VIVANT ENERGIE FRANCE,MAUDRUX,2038,VIVE LE FEDERALISME,ALLENBACH,0,L'UNION POUR L'EUROPE,SARKOZY,61109,AVEC L'EUROPE,BAYROU,43433,RASSEMBLEMENT POUR LA FRA,PASQUA,60063,FRONT NATIONAL ,LE PEN,17700,EUROPEENS D'ACCORD FRANCA,MEGRET,13058
93,SEINE SAINT-DENIS,651462,379385,272077,11644,260433,LUTTE OUVRIERE ET LCR,LAGUILLER,19310,BOUGE L'EUROPE,HUE,37426,CONSTRUISONS NOTRE EUROPE,HOLLANDE,55364,"L'ECOLOGIE, LES VERTS",COHN-BENDIT,28318,ECOLOGIE  CHOIX DE LA VIE,WAECHTER,4216, MI OU MI MWEN,JOS,46,"CHASSE, PÊCHE TRADITIONS",SAINT-JOSSE,3863,COMBAT POUR L'EMPLOI,LARROUTUROU,2319,LIGUE NATIONALISTE,GUERRIN,10,LISTE LOI NATURELLE ,FRAPPE,660,MOINS D'IMPÔTS MAINTENANT,MIGUET,4149,PARTI HUMANISTE,CHANUT,198,POLITIQUE POUR L'EUROPE,COTTEN,21,VIVANT ENERGIE FRANCE,MAUDRUX,1238,VIVE LE FEDERALISME,ALLENBACH,1,L'UNION POUR L'EUROPE,SARKOZY,25241,AVEC L'EUROPE,BAYROU,15036,RASSEMBLEMENT POUR LA FRA,PASQUA,29105,FRONT NATIONAL ,LE PEN,21818,EUROPEENS D'ACCORD FRANCA,MEGRET,12094
94,VAL DE MARNE,670973,355768,315205,12780,302425,LUTTE OUVRIERE ET LCR,LAGUILLER,17205,BOUGE L'EUROPE,HUE,34157,CONSTRUISONS NOTRE EUROPE,HOLLANDE,63382,"L'ECOLOGIE, LES VERTS",COHN-BENDIT,38552,ECOLOGIE  CHOIX DE LA VIE,WAECHTER,4916, MI OU MI MWEN,JOS,75,"CHASSE, PÊCHE TRADITIONS",SAINT-JOSSE,4742,COMBAT POUR L'EMPLOI,LARROUTUROU,2416,LIGUE NATIONALISTE,GUERRIN,22,LISTE LOI NATURELLE ,FRAPPE,613,MOINS D'IMPÔTS MAINTENANT,MIGUET,6190,PARTI HUMANISTE,CHANUT,148,POLITIQUE POUR L'EUROPE,COTTEN,72,VIVANT ENERGIE FRANCE,MAUDRUX,1823,VIVE LE FEDERALISME,ALLENBACH,1,L'UNION POUR L'EUROPE,SARKOZY,37003,AVEC L'EUROPE,BAYROU,26203,RASSEMBLEMENT POUR LA FRA,PASQUA,36210,FRONT NATIONAL ,LE PEN,17222,EUROPEENS D'ACCORD FRANCA,MEGRET,11473
95,VAL D'OISE,599764,328249,271515,11501,260014,LUTTE OUVRIERE ET LCR,LAGUILLER,15418,BOUGE L'EUROPE,HUE,22031,CONSTRUISONS NOTRE EUROPE,HOLLANDE,55038,"L'ECOLOGIE, LES VERTS",COHN-BENDIT,29977,ECOLOGIE  CHOIX DE LA VIE,WAECHTER,4473, MI OU MI MWEN,JOS,12,"CHASSE, PÊCHE TRADITIONS",SAINT-JOSSE,6514,COMBAT POUR L'EMPLOI,LARROUTUROU,2385,LIGUE NATIONALISTE,GUERRIN,0,LISTE LOI NATURELLE ,FRAPPE,634,MOINS D'IMPÔTS MAINTENANT,MIGUET,5164,PARTI HUMANISTE,CHANUT,8,POLITIQUE POUR L'EUROPE,COTTEN,37,VIVANT ENERGIE FRANCE,MAUDRUX,1551,VIVE LE FEDERALISME,ALLENBACH,0,L'UNION POUR L'EUROPE,SARKOZY,31318,AVEC L'EUROPE,BAYROU,21484,RASSEMBLEMENT POUR LA FRA,PASQUA,34700,FRONT NATIONAL ,LE PEN,18861,EUROPEENS D'ACCORD FRANCA,MEGRET,10409
ZA,GUADELOUPE,262036,231262,30774,4291,26483,LUTTE OUVRIERE ET LCR,LAGUILLER,657,BOUGE L'EUROPE,HUE,703,CONSTRUISONS NOTRE EUROPE,HOLLANDE,7124,"L'ECOLOGIE, LES VERTS",COHN-BENDIT,1337,ECOLOGIE  CHOIX DE LA VIE,WAECHTER,2, MI OU MI MWEN,JOS,5,"CHASSE, PÊCHE TRADITIONS",SAINT-JOSSE,64,COMBAT POUR L'EMPLOI,LARROUTUROU,401,LIGUE NATIONALISTE,GUERRIN,0,LISTE LOI NATURELLE ,FRAPPE,1678,MOINS D'IMPÔTS MAINTENANT,MIGUET,391,PARTI HUMANISTE,CHANUT,0,POLITIQUE POUR L'EUROPE,COTTEN,1,VIVANT ENERGIE FRANCE,MAUDRUX,1,VIVE LE FEDERALISME,ALLENBACH,0,L'UNION POUR L'EUROPE,SARKOZY,6960,AVEC L'EUROPE,BAYROU,695,RASSEMBLEMENT POUR LA FRA,PASQUA,5845,FRONT NATIONAL ,LE PEN,430,EUROPEENS D'ACCORD FRANCA,MEGRET,189
ZB,MARTINIQUE,250613,221485,29128,3592,25536,LUTTE OUVRIERE ET LCR,LAGUILLER,775,BOUGE L'EUROPE,HUE,1155,CONSTRUISONS NOTRE EUROPE,HOLLANDE,7280,"L'ECOLOGIE, LES VERTS",COHN-BENDIT,1066,ECOLOGIE  CHOIX DE LA VIE,WAECHTER,2, MI OU MI MWEN,JOS,1707,"CHASSE, PÊCHE TRADITIONS",SAINT-JOSSE,0,COMBAT POUR L'EMPLOI,LARROUTUROU,358,LIGUE NATIONALISTE,GUERRIN,0,LISTE LOI NATURELLE ,FRAPPE,552,MOINS D'IMPÔTS MAINTENANT,MIGUET,451,PARTI HUMANISTE,CHANUT,0,POLITIQUE POUR L'EUROPE,COTTEN,0,VIVANT ENERGIE FRANCE,MAUDRUX,0,VIVE LE FEDERALISME,ALLENBACH,0,L'UNION POUR L'EUROPE,SARKOZY,7463,AVEC L'EUROPE,BAYROU,2385,RASSEMBLEMENT POUR LA FRA,PASQUA,1900,FRONT NATIONAL ,LE PEN,255,EUROPEENS D'ACCORD FRANCA,MEGRET,187
ZC,GUYANE,43731,37410,6321,533,5788,LUTTE OUVRIERE ET LCR,LAGUILLER,334,BOUGE L'EUROPE,HUE,206,CONSTRUISONS NOTRE EUROPE,HOLLANDE,1535,"L'ECOLOGIE, LES VERTS",COHN-BENDIT,626,ECOLOGIE  CHOIX DE LA VIE,WAECHTER,0, MI OU MI MWEN,JOS,0,"CHASSE, PÊCHE TRADITIONS",SAINT-JOSSE,1,COMBAT POUR L'EMPLOI,LARROUTUROU,0,LIGUE NATIONALISTE,GUERRIN,0,LISTE LOI NATURELLE ,FRAPPE,20,MOINS D'IMPÔTS MAINTENANT,MIGUET,219,PARTI HUMANISTE,CHANUT,0,POLITIQUE POUR L'EUROPE,COTTEN,0,VIVANT ENERGIE FRANCE,MAUDRUX,0,VIVE LE FEDERALISME,ALLENBACH,0,L'UNION POUR L'EUROPE,SARKOZY,1254,AVEC L'EUROPE,BAYROU,500,RASSEMBLEMENT POUR LA FRA,PASQUA,662,FRONT NATIONAL ,LE PEN,265,EUROPEENS D'ACCORD FRANCA,MEGRET,166
ZD,LA REUNION,386696,258605,128091,10033,118058,LUTTE OUVRIERE ET LCR,LAGUILLER,3101,BOUGE L'EUROPE,HUE,6663,CONSTRUISONS NOTRE EUROPE,HOLLANDE,40086,"L'ECOLOGIE, LES VERTS",COHN-BENDIT,6940,ECOLOGIE  CHOIX DE LA VIE,WAECHTER,0, MI OU MI MWEN,JOS,20,"CHASSE, PÊCHE TRADITIONS",SAINT-JOSSE,700,COMBAT POUR L'EMPLOI,LARROUTUROU,3323,LIGUE NATIONALISTE,GUERRIN,8,LISTE LOI NATURELLE ,FRAPPE,2381,MOINS D'IMPÔTS MAINTENANT,MIGUET,2747,PARTI HUMANISTE,CHANUT,14,POLITIQUE POUR L'EUROPE,COTTEN,38,VIVANT ENERGIE FRANCE,MAUDRUX,1258,VIVE LE FEDERALISME,ALLENBACH,2,L'UNION POUR L'EUROPE,SARKOZY,22396,AVEC L'EUROPE,BAYROU,18174,RASSEMBLEMENT POUR LA FRA,PASQUA,5653,FRONT NATIONAL ,LE PEN,2583,EUROPEENS D'ACCORD FRANCA,MEGRET,1971
ZM,MAYOTTE,41773,29763,12010,205,11805,LUTTE OUVRIERE ET LCR,LAGUILLER,233,BOUGE L'EUROPE,HUE,219,CONSTRUISONS NOTRE EUROPE,HOLLANDE,1157,"L'ECOLOGIE, LES VERTS",COHN-BENDIT,695,ECOLOGIE  CHOIX DE LA VIE,WAECHTER,0, MI OU MI MWEN,JOS,0,"CHASSE, PÊCHE TRADITIONS",SAINT-JOSSE,0,COMBAT POUR L'EMPLOI,LARROUTUROU,0,LIGUE NATIONALISTE,GUERRIN,15,LISTE LOI NATURELLE ,FRAPPE,58,MOINS D'IMPÔTS MAINTENANT,MIGUET,204,PARTI HUMANISTE,CHANUT,0,POLITIQUE POUR L'EUROPE,COTTEN,0,VIVANT ENERGIE FRANCE,MAUDRUX,0,VIVE LE FEDERALISME,ALLENBACH,0,L'UNION POUR L'EUROPE,SARKOZY,4236,AVEC L'EUROPE,BAYROU,4059,RASSEMBLEMENT POUR LA FRA,PASQUA,249,FRONT NATIONAL ,LE PEN,283,EUROPEENS D'ACCORD FRANCA,MEGRET,397
ZN,NOUVELLE CALEDONIE,116898,84255,32643,1281,31362,LUTTE OUVRIERE ET LCR,LAGUILLER,732,BOUGE L'EUROPE,HUE,772,CONSTRUISONS NOTRE EUROPE,HOLLANDE,3841,"L'ECOLOGIE, LES VERTS",COHN-BENDIT,1812,ECOLOGIE  CHOIX DE LA VIE,WAECHTER,0, MI OU MI MWEN,JOS,0,"CHASSE, PÊCHE TRADITIONS",SAINT-JOSSE,379,COMBAT POUR L'EMPLOI,LARROUTUROU,0,LIGUE NATIONALISTE,GUERRIN,0,LISTE LOI NATURELLE ,FRAPPE,368,MOINS D'IMPÔTS MAINTENANT,MIGUET,703,PARTI HUMANISTE,CHANUT,0,POLITIQUE POUR L'EUROPE,COTTEN,0,VIVANT ENERGIE FRANCE,MAUDRUX,0,VIVE LE FEDERALISME,ALLENBACH,0,L'UNION POUR L'EUROPE,SARKOZY,12896,AVEC L'EUROPE,BAYROU,2085,RASSEMBLEMENT POUR LA FRA,PASQUA,4240,FRONT NATIONAL ,LE PEN,2516,EUROPEENS D'ACCORD FRANCA,MEGRET,1018
ZP,POLYNESIE FRANCAISE,133057,91600,41457,2192,39265,LUTTE OUVRIERE ET LCR,LAGUILLER,374,BOUGE L'EUROPE,HUE,393,CONSTRUISONS NOTRE EUROPE,HOLLANDE,5415,"L'ECOLOGIE, LES VERTS",COHN-BENDIT,2639,ECOLOGIE  CHOIX DE LA VIE,WAECHTER,0, MI OU MI MWEN,JOS,0,"CHASSE, PÊCHE TRADITIONS",SAINT-JOSSE,0,COMBAT POUR L'EMPLOI,LARROUTUROU,0,LIGUE NATIONALISTE,GUERRIN,0,LISTE LOI NATURELLE ,FRAPPE,1021,MOINS D'IMPÔTS MAINTENANT,MIGUET,1318,PARTI HUMANISTE,CHANUT,0,POLITIQUE POUR L'EUROPE,COTTEN,0,VIVANT ENERGIE FRANCE,MAUDRUX,0,VIVE LE FEDERALISME,ALLENBACH,0,L'UNION POUR L'EUROPE,SARKOZY,23536,AVEC L'EUROPE,BAYROU,1254,RASSEMBLEMENT POUR LA FRA,PASQUA,1207,FRONT NATIONAL ,LE PEN,1219,EUROPEENS D'ACCORD FRANCA,MEGRET,889
ZS,SAINT PIERRE ET MIQUELON,4510,3294,1216,118,1098,LUTTE OUVRIERE ET LCR,LAGUILLER,47,BOUGE L'EUROPE,HUE,23,CONSTRUISONS NOTRE EUROPE,HOLLANDE,310,"L'ECOLOGIE, LES VERTS",COHN-BENDIT,156,ECOLOGIE  CHOIX DE LA VIE,WAECHTER,0, MI OU MI MWEN,JOS,0,"CHASSE, PÊCHE TRADITIONS",SAINT-JOSSE,0,COMBAT POUR L'EMPLOI,LARROUTUROU,0,LIGUE NATIONALISTE,GUERRIN,0,LISTE LOI NATURELLE ,FRAPPE,0,MOINS D'IMPÔTS MAINTENANT,MIGUET,19,PARTI HUMANISTE,CHANUT,0,POLITIQUE POUR L'EUROPE,COTTEN,0,VIVANT ENERGIE FRANCE,MAUDRUX,0,VIVE LE FEDERALISME,ALLENBACH,0,L'UNION POUR L'EUROPE,SARKOZY,130,AVEC L'EUROPE,BAYROU,294,RASSEMBLEMENT POUR LA FRA,PASQUA,60,FRONT NATIONAL ,LE PEN,42,EUROPEENS D'ACCORD FRANCA,MEGRET,17
ZW,WALLIS ET FUTUNA,8728,3587,5141,48,5093,LUTTE OUVRIERE ET LCR,LAGUILLER,33,BOUGE L'EUROPE,HUE,31,CONSTRUISONS NOTRE EUROPE,HOLLANDE,2811,"L'ECOLOGIE, LES VERTS",COHN-BENDIT,81,ECOLOGIE  CHOIX DE LA VIE,WAECHTER,0, MI OU MI MWEN,JOS,0,"CHASSE, PÊCHE TRADITIONS",SAINT-JOSSE,0,COMBAT POUR L'EMPLOI,LARROUTUROU,0,LIGUE NATIONALISTE,GUERRIN,0,LISTE LOI NATURELLE ,FRAPPE,0,MOINS D'IMPÔTS MAINTENANT,MIGUET,62,PARTI HUMANISTE,CHANUT,0,POLITIQUE POUR L'EUROPE,COTTEN,0,VIVANT ENERGIE FRANCE,MAUDRUX,0,VIVE LE FEDERALISME,ALLENBACH,0,L'UNION POUR L'EUROPE,SARKOZY,1619,AVEC L'EUROPE,BAYROU,218,RASSEMBLEMENT POUR LA FRA,PASQUA,117,FRONT NATIONAL ,LE PEN,66,EUROPEENS D'ACCORD FRANCA,MEGRET,55
ZZ,FRANCAIS DE L'ETRANGER,292646,240018,52628,1079,51549,LUTTE OUVRIERE ET LCR,LAGUILLER,1537,BOUGE L'EUROPE,HUE,1432,CONSTRUISONS NOTRE EUROPE,HOLLANDE,12957,"L'ECOLOGIE, LES VERTS",COHN-BENDIT,8964,ECOLOGIE  CHOIX DE LA VIE,WAECHTER,0, MI OU MI MWEN,JOS,0,"CHASSE, PÊCHE TRADITIONS",SAINT-JOSSE,1,COMBAT POUR L'EMPLOI,LARROUTUROU,332,LIGUE NATIONALISTE,GUERRIN,0,LISTE LOI NATURELLE ,FRAPPE,332,MOINS D'IMPÔTS MAINTENANT,MIGUET,608,PARTI HUMANISTE,CHANUT,0,POLITIQUE POUR L'EUROPE,COTTEN,0,VIVANT ENERGIE FRANCE,MAUDRUX,13,VIVE LE FEDERALISME,ALLENBACH,0,L'UNION POUR L'EUROPE,SARKOZY,10010,AVEC L'EUROPE,BAYROU,6718,RASSEMBLEMENT POUR LA FRA,PASQUA,5396,FRONT NATIONAL ,LE PEN,2024,EUROPEENS D'ACCORD FRANCA,MEGRET,1225
